path,size_bytes,sha256,extension
00_START_HERE/AUTHORITATIVE_BASELINE.md,2065,379bc0021fad41a8845e52a30cf918a2638afabe543e9c5893cf916c033d30e1,.md
00_START_HERE/Align_To_SDG_New_Chat_Handoff_2026-09-27.md,9075,e8f925572876dcfa8d3cac82e28ed1fff31a8cd5ea02630928d3be493bd99e05,.md
00_START_HERE/BOLT_IMPORT_OMITTED_FILES.csv,652,175441e017deda87fd5e4d850c4e10215eef3e6db0dc90f5a4bad59f811fe6b8,.csv
00_START_HERE/BOLT_IMPORT_PACKAGE_NOTE.md,1618,a47fb9d6ed0475cc03108eead2d9b4a55a07f57617f3457c91a9d46b69884284,.md
00_START_HERE/BOLT_MASTER_PROMPT_Align_To_SDG_v1.2.md,54540,b25788ecd1556bb06d67388f5708d14302bd6cf44beb9662597f9edd82372822,.md
00_START_HERE/BOLT_UPLOAD_INSTRUCTIONS.md,1092,d7c2d95dd377d268587dceeaae5a4f06482543a10d44e26b7f07abd2efc9c186,.md
00_START_HERE/CONTROLLED_EXTENSION_2026-09-27.md,2515,994e032950ca7c54f3b0c834226ad62f637c7e8c655b00c719a4685eec87a613,.md
00_START_HERE/DO_NOT_CHANGE_RULES.md,2938,9ef17f146db73c915560ba01a4a54068fbcabaf22bfba997132e75a1a976927b,.md
00_START_HERE/FILE_MANIFEST.csv,21585,67fa0f1ab28efe58731dd21797da0e708cf335d000237e36126bd79b2ddd6e99,.csv
00_START_HERE/PARITY_REPORT_TEMPLATE.md,896,155f15d285d981e34d3fd70d08ff13eaaa19872c4fc6076bbf9b9a7b64b667b3,.md
00_START_HERE/PREPARE_REFERENCE_RUNTIME_COPY.mjs,853,895c826b7c533aa1ba13c533fe216aebfa6c9cd0a4218af06da2ae9cf0bbe003,.mjs
00_START_HERE/QUALITY_GATE_REPORT_TEMPLATE.md,627,7d40acf3e3fd9772bda6352237a5f6a91170a26fa9c17d8c7dfee6bd38f5849c,.md
00_START_HERE/START_HERE.md,2527,e59a82c4c20ef47342bf7b6b0bcba559cea68309b5d8ae060aad3de35d3cbdb9,.md
00_START_HERE/TECHNOLOGY_DECISION_LOG_TEMPLATE.md,363,b8268bcf24109d38a3b1a095b825a04036aeda498a4b091a1717ac7e5ee0c1cc,.md
00_START_HERE/VALIDATION_GATES.md,2565,9d2601a3ad5aeeab856f2bd03e5bc0c3f51878149ea22b80c33e02f6da8dcd5c,.md
01_GOVERNING_ARCHITECTURE/Ontology_Driven_KG_Recommendation_System_Final_State_Architecture_v1.6.1.txt,40759,940ed5307ea26b351958a4e7edfcd10a188e6d603f22133f9470bbee7c7013d5,.txt
01_GOVERNING_ARCHITECTURE/System_Architecture_Design_v1.1_Final.docx,1264943,ad6ef1f4586983d57565ce9b1ed2891b87381859ac0dcb680d3d6071f37a185c,.docx
01_GOVERNING_ARCHITECTURE/System_Component_Artifact_Register_v0.3.xlsx,99831,c583c78a460543d462957ef7af9ba4afcb3a8df81473b345c7220c2481693470,.xlsx
02_UI_DESIGN/Knowledge_Graph_Explorer_Final_Wireframe.png,1170574,3efb0b3de6f481f08e3e32bba6dc0b18e9dafa6adf484a1980e64055af745a7f,.png
02_UI_DESIGN/Knowledge_Graph_Explorer_Path_Inspection_Final_Wireframe.png,93173,cfe5ae5faaea399ccd6bb698f08dd5bb1286745aabcc366be6aa89c864fd0c4f,.png
02_UI_DESIGN/UI_Data_Binding_Matrix_v0.3.xlsx,56295,8feae624ce159831c5cf76fe065bba49ebf94491a8f850a6c28499dba4ec173c,.xlsx
02_UI_DESIGN/UI_Design_v0.3.docx,3065895,e83623207b0cf581188accea5ba428167389fa8bfa81425c8efad00bda134c4f,.docx
02_UI_DESIGN/UI_Foundation_Decisions_v0.3.xlsx,26311,a07d3a7672ee9aefb4385dbfadf613409280cc165f72bf1c424d8108805d145a,.xlsx
02_UI_DESIGN/UI_Help_Content_Repository_v0.3.xlsx,25516,4b3fc0aa892d8d086b56889566e5bee0b2a765dece78b3d755798b130e4f6c6a,.xlsx
02_UI_DESIGN/knowledge_graph_explorer_interface.png,1354056,e1d39a846b6c9413d2f73f6542389e71dc27d3880887f660d26f98eedc305ae3,.png
03_INTERFACES_DATA_PROCESS_ALGO/Data_Flow_Design_v0.1_Final.docx,1425155,6d051078c031e68590490a5c3f031651c32215b2b11f3abc9ad2541d62f53d66,.docx
03_INTERFACES_DATA_PROCESS_ALGO/Data_Flow_Registry_v0.1.xlsx,33460,e45b46b08d461b9f87f235bcc0d365939df9bf015235efdc7474f22409641f11,.xlsx
03_INTERFACES_DATA_PROCESS_ALGO/Implementation_Design_Crosswalk_v0.2.xlsx,14480,bb5747a1b1933b2d904198d33093f922532f872d464141c3b5e5f585e2a3d974,.xlsx
03_INTERFACES_DATA_PROCESS_ALGO/Interface_Contract_Registry_v0.1.xlsx,28794,5186dac8cb467fcddcf238c739b9ecab8d4f20a62bd5ed236f6559ed29903f28,.xlsx
03_INTERFACES_DATA_PROCESS_ALGO/SEQ04_Decision_Register_v0.9.xlsx,33436,167acaf2725f0e6bacd398152f28aae4326b5e3bd101b5aef35a527ed51c61fa,.xlsx
03_INTERFACES_DATA_PROCESS_ALGO/SEQ05_Decision_Register_v0.1.xlsx,21859,52aec9320284fb8fa9ed38b6441439d941ec0df15fc7ebe36e17f02be2d1b1df,.xlsx
03_INTERFACES_DATA_PROCESS_ALGO/SEQ06_Process_Flow_Specification_v0.1.docx,1141209,88abb0667ec706a240b29f89800259ffcc17a75685f15cb77b7e8a6c09d14448,.docx
03_INTERFACES_DATA_PROCESS_ALGO/SEQ07_Algorithm_Specification_v0.1.docx,1102074,8742973a902625d44b6c6461eec8bd25341a20345554c48b4516a151c3d333b7,.docx
03_INTERFACES_DATA_PROCESS_ALGO/SEQ08_Module_Interface_Specification_v0.2.docx,853085,2ab33bdc2d9441cefa10728e100850937004a5cb783d53e7d47bc4b689d1f396,.docx
03_INTERFACES_DATA_PROCESS_ALGO/SEQ09_Data_Model_Persistence_Specification_v0.2.docx,860300,b99b048e16de1fc980db155bd3ed0dd3482cd3f90d6565ed1aa066d80491695f,.docx
03_INTERFACES_DATA_PROCESS_ALGO/SEQ10_Security_Access_Control_Specification_v0.2.docx,896035,52df171102c432ed299de29e7a6d6d7b7f76fac0b8f3638046ce97539c01ebc7,.docx
03_INTERFACES_DATA_PROCESS_ALGO/Technical_Interface_Design_v0.2.docx,606869,48341986446628033d962e711ba7c8aa33fff0c07dc939d1961882da62ce0c0f,.docx
04_REFERENCE_IMPLEMENTATION/Design8a_Frozen_Colab_Kit_v1/DESIGN8A_SPEC_v1.md,2859,2cd12a78d0ca8e26afb4daa6d21a5b552d2e03794a3522d9e8989d94f6bdaf4b,.md
04_REFERENCE_IMPLEMENTATION/Design8a_Frozen_Colab_Kit_v1/Design8a_52Units_59Executions_MiniLM_Colab_v1.ipynb,13677,43f57c0a1bcb217c97f20acfe46d3f64754eb35e07884b2131c57bdeb2033b3a,.ipynb
04_REFERENCE_IMPLEMENTATION/Design8a_Frozen_Colab_Kit_v1/Design8a_Blind_Validation_Harness_v1.zip,22974,cd04ad2db191b67795bc5e95e00a38b7d4365aa05233530de765f4b9dd371e5e,.zip
04_REFERENCE_IMPLEMENTATION/Design8a_Frozen_Colab_Kit_v1/Design8a_Gold_Validation_Harness_FROZEN_v1.zip,31812,b821eafb30fb8c58938c89d5d1187f4442acdf0352182e1e076d2ddf1d6b2729,.zip
04_REFERENCE_IMPLEMENTATION/Design8a_Frozen_Colab_Kit_v1/Design8a_MANIFEST_v1.json,778,288fbbe302b4d7de6f6c59fc5b09b1b512d973e8b4b5d1cac424c15c641b5bb0,.json
04_REFERENCE_IMPLEMENTATION/Design8a_Frozen_Colab_Kit_v1/Design8a_MiniLM_Colab_Instructions_v1.txt,1243,91991d64316b8b1a19dd47612d79814ee0e46a8388a451487a82bc60f0ae0c74,.txt
04_REFERENCE_IMPLEMENTATION/Design8a_Frozen_Colab_Kit_v1/Design8a_Negation_Veto_Preflight_on_Design8_MiniLM.csv,379,4cfb81e21173816eab2df9e32c959945a1766affe26575ac46479b2eb9cc7e86,.csv
04_REFERENCE_IMPLEMENTATION/Design8a_Frozen_Colab_Kit_v1/Hybrid_KG_Runtime_v5a_Design8a_NegationAwareFacetPromotion.zip,22094,71e36cfe5d754be0d951b98c23334778ea67677d43e836104cec366ab77d8bed,.zip
04_REFERENCE_IMPLEMENTATION/Design8a_Frozen_Colab_Kit_v1/Neo4j_Lean_CSV_Bundle_v1.1.zip,658631,bb07eb9bc34c84f2b1c1d006cc44fcb287798e9b5eaed1665dc9c3c2d3083e85,.zip
04_REFERENCE_IMPLEMENTATION/README_DESIGN8.md,2347,db686573e920c668a3fa90c9c8a45cd40d42f4c26b24d951240b31e31332a90c,.md
04_REFERENCE_IMPLEMENTATION/SEQ11_Verification_Validation_Plan_v0.1.docx,65929,cc3ea130e746fbd382eb566ed8ca07b615ca2dc53553d6ca31bc6f0943c4adf8,.docx
04_REFERENCE_IMPLEMENTATION/SEQ12_Git_Repository_Project_Skeleton_v0.1.docx,57104,93563435b73cbd3fbaf4fc3c5ec9503d8f571f4810fbbdef8ed262a4b66bdeb1,.docx
04_REFERENCE_IMPLEMENTATION/SEQ13_Design8a_Reference_Parity_Harness_v0.1.docx,60553,c41a89004f2658268feb1b9d190acda5b801c7dc041eca2140d8a26300f9340e,.docx
04_REFERENCE_IMPLEMENTATION/SEQ14_Repository_Validation_Compilation_Pipeline_v0.1.docx,56100,5460ac51b9bcdaa71f8758942d7b9dd9c150b23ca43715a1bf12188f93fb28b0,.docx
04_REFERENCE_IMPLEMENTATION/SEQ15_Recommendation_Core_Migration_Parity_v0.1.docx,57984,c83ea13189ac937a2215b9be7615747a798e6c014b748f5ff385c95b16e07bb9,.docx
04_REFERENCE_IMPLEMENTATION/evaluate_revalidation_design8.py,5933,2933dd62525a1be549c8553cc0bb53f0f956d61c7d1fee0d572d0ebf6d183785,.py
04_REFERENCE_IMPLEMENTATION/hybrid_runtime_v5.py,44314,c83ea82e3e9b4e31ed058d0e6ca986225d4a5701076df74a5079634fa1d9d8a0,.py
04_REFERENCE_IMPLEMENTATION/recommendation-system-v1/.env.example,146,c4c835bbbee16fbc7d4ffa6338c986f905bbebcfab26a3ff9b34a31b8d1fb633,.example
04_REFERENCE_IMPLEMENTATION/recommendation-system-v1/.github/workflows/ci.yml,537,e81494feb6d60e41b019f2ac73046e7b1863ce15242555e4f8566a39a80e8d0b,.yml
04_REFERENCE_IMPLEMENTATION/recommendation-system-v1/.gitignore,284,b7cddbaf7ff1950a31b752215af0ca5f82dde66aeb4107a0db6a219c5315c541,
04_REFERENCE_IMPLEMENTATION/recommendation-system-v1/README.md,1625,f8fef1145dc5a51a225741360ca23a45a3ca94aae7c7a4f408fcf65e54f49f61,.md
04_REFERENCE_IMPLEMENTATION/recommendation-system-v1/artifacts/compiled/.gitkeep,0,e3b0c44298fc1c149afbf4c8996fb92427ae41e4649b934ca495991b7852b855,
04_REFERENCE_IMPLEMENTATION/recommendation-system-v1/artifacts/compiled/compile_report.json,3061,31595f59ff93d45403cd1dcffd5169e15c83b4981a7001478944dff35795257c,.json
04_REFERENCE_IMPLEMENTATION/recommendation-system-v1/artifacts/compiled/manifest.json,3060,6fdf9db61b6396af6c94383c77136e8d788345aebe5f6ffc6d305edc5c705f8a,.json
04_REFERENCE_IMPLEMENTATION/recommendation-system-v1/artifacts/compiled/validation_report.json,131,06b1ef39edd04c15feef90cfd02e0b009489e7c833425c80050bec264a7c7be7,.json
04_REFERENCE_IMPLEMENTATION/recommendation-system-v1/artifacts/parity_reports/.gitkeep,0,e3b0c44298fc1c149afbf4c8996fb92427ae41e4649b934ca495991b7852b855,
04_REFERENCE_IMPLEMENTATION/recommendation-system-v1/artifacts/parity_reports/pytest_summary.txt,80,cf426ab35f3b06fccef8290fde5325d90af130a79da1d1752031518df77c4236,.txt
04_REFERENCE_IMPLEMENTATION/recommendation-system-v1/artifacts/parity_reports/smoke_lsa.json,397,39aba5517d4f0a0e74a17943f640265b0509fc18c8541292ec8f5f471025c8b8,.json
04_REFERENCE_IMPLEMENTATION/recommendation-system-v1/artifacts/parity_reports/smoke_lsa_stdout.json,398,d77e83b816a82dad75a0cbc7efc7ff67583212fd76e4e6cd627b34a3701b27c2,.json
04_REFERENCE_IMPLEMENTATION/recommendation-system-v1/data/benchmark/smoke_cases.csv,1153,55d0b123ff79b8d10e6fc0acf6bc1d1d0bde38c163efecd636e0890eea65e13a,.csv
04_REFERENCE_IMPLEMENTATION/recommendation-system-v1/data/repository/README_BOLT_IMPORT.md,592,7fbdc8c1b07f8b6686485faa3720e7b8e45aea3aa79b5ccee6f0b652f8f1ae8a,.md
04_REFERENCE_IMPLEMENTATION/recommendation-system-v1/docs/IMPLEMENTATION_STATUS.md,1094,3f0340ebb9d3eaed02dd848fdce6cbee4405c82bc299f75e607f010d3f393d4b,.md
04_REFERENCE_IMPLEMENTATION/recommendation-system-v1/pyproject.toml,747,571fd18e725d90ec069f7dfb4e1a22266d9a8dfa5e1301caf8f2ceeb1ce7ef98,.toml
04_REFERENCE_IMPLEMENTATION/recommendation-system-v1/reference/README_DESIGN8.md,2347,db686573e920c668a3fa90c9c8a45cd40d42f4c26b24d951240b31e31332a90c,.md
04_REFERENCE_IMPLEMENTATION/recommendation-system-v1/reference/Recommendation_System_Validation_Benchmark_Master_Register_v1.8_Lean.txt,92508,229b13877adeea6594e06fed337c875397a51f00200ffbbbf300bd02a4bbc724,.txt
04_REFERENCE_IMPLEMENTATION/recommendation-system-v1/reference/hybrid_runtime_v5.py,52705,41bcfc238223c1c74030e0738408bec6f7eb15cb04a9ab94cfba38480f9cbbff,.py
04_REFERENCE_IMPLEMENTATION/recommendation-system-v1/scripts/compile_repository.py,526,71a2cbabc1e038eb284618faab6bb6b9ddca4cfbd4cce540b7578384d2a7acf5,.py
04_REFERENCE_IMPLEMENTATION/recommendation-system-v1/scripts/create_smoke_cases.py,2841,47549648d4f4b1fa48e269e1f8904155102cb622603bfa1d7913a4e5753600b2,.py
04_REFERENCE_IMPLEMENTATION/recommendation-system-v1/scripts/run_parity.py,680,5fe18045d8ccdef80b64bd5c895629c50e86c5401cd4bc1b48cdf417a384544a,.py
04_REFERENCE_IMPLEMENTATION/recommendation-system-v1/scripts/validate_repository.py,549,d881b5090b564a67fada17cef2673210ff237adbf3be88f8efbfbea7737f8e1b,.py
04_REFERENCE_IMPLEMENTATION/recommendation-system-v1/src/recommendation_system/__init__.py,74,4fa67e7e1bda8c64b309c849eacb23d31157339d8dc57ff9ce48862bf88ef7f6,.py
04_REFERENCE_IMPLEMENTATION/recommendation-system-v1/src/recommendation_system/contracts/__init__.py,124,ab9775de2bb2593bf314efacbc7693e2018ec03ba2028aaee60a83c15d418337,.py
04_REFERENCE_IMPLEMENTATION/recommendation-system-v1/src/recommendation_system/contracts/models.py,715,60ce29f7662c85b147d72ada1464ba58e4dd25d86d126d773ac60d3a030ccfa8,.py
04_REFERENCE_IMPLEMENTATION/recommendation-system-v1/src/recommendation_system/core/__init__.py,87,aa4f688bb2fa4f2a246dc3dea32a018e405016a2ae741f1beda09fa2fde5d3ae,.py
04_REFERENCE_IMPLEMENTATION/recommendation-system-v1/src/recommendation_system/core/design8a_runtime.py,52705,41bcfc238223c1c74030e0738408bec6f7eb15cb04a9ab94cfba38480f9cbbff,.py
04_REFERENCE_IMPLEMENTATION/recommendation-system-v1/src/recommendation_system/core/service.py,1257,d3d53b9a4ae194d40fa3036a458e520c6f90015a088e0b38bc2acd4ece3ad3d8,.py
04_REFERENCE_IMPLEMENTATION/recommendation-system-v1/src/recommendation_system/parity/__init__.py,63,ef859a395ddd92a6e9876f33d854de91452f401485a8c30bec7fda5319c67511,.py
04_REFERENCE_IMPLEMENTATION/recommendation-system-v1/src/recommendation_system/parity/harness.py,4074,f176c0f9ef1bdd370da9e01c51bc42c80f04e3be2749494c71c200410188f230,.py
04_REFERENCE_IMPLEMENTATION/recommendation-system-v1/src/recommendation_system/repository/__init__.py,178,b5752d5066b1ff8bf199f093ee879273e0f9a1f47f15e56c80c1e6faa9727560,.py
04_REFERENCE_IMPLEMENTATION/recommendation-system-v1/src/recommendation_system/repository/compiler.py,5124,7d652d17e94600bec6811658fa0a4628c8d04cbbe00f8353671e653f52e5dc9c,.py
04_REFERENCE_IMPLEMENTATION/recommendation-system-v1/src/recommendation_system/repository/validator.py,7447,ff945d36fae10b6626401e68fec03d04dce3b5ed5ac399f456999ed86e564c71,.py
04_REFERENCE_IMPLEMENTATION/recommendation-system-v1/tests/integration/test_repository_compiler.py,434,f05a8b17d5c68e7dc06ce6c6fed07535e497f57993f57bae599d71f6d280bbc9,.py
04_REFERENCE_IMPLEMENTATION/recommendation-system-v1/tests/parity/test_design8a_smoke_parity.py,400,c144323c829bd9ad70e82f37981db3db7355718cc1e8e3e4a1a813be63a57499,.py
04_REFERENCE_IMPLEMENTATION/recommendation-system-v1/tests/unit/test_repository_validator.py,354,7dfe02ed5b1fdbd4eb46822f9e063d14d6694e064368c1959709d82e73c330d5,.py
05A_STAGEF_CANONICAL_SOURCE_WORKBOOKS/Framework_Context_Resolver_Repository_All295_v0.2_FROZEN.xlsx,837095,2327f318df96459f5a61f197a4775d2ff680361d93ba3f0992a5987a15f79335,.xlsx
05A_STAGEF_CANONICAL_SOURCE_WORKBOOKS/SCR_Framework_Mapping_Lean_v0.6_Complete_FullCF_FROZEN.xlsx,64577,03e8f485fc610c82d5945e518b7bd4b606b071e29efbd5c07c8393b8e5ebce25,.xlsx
05A_STAGEF_CANONICAL_SOURCE_WORKBOOKS/SCR_Pedagogical_Repository_Lean_v1.0_FROZEN.xlsx,59709,b8e527522567984a2e3aca87a06d6aef92e53ef0606e1a7a68e60a849ce63739,.xlsx
05A_STAGEF_CANONICAL_SOURCE_WORKBOOKS/StageF_F0_Educator_Kit_Design_v1.0_FROZEN.xlsx,161708,446aac1a73a08397190e0f496a41ca342214f17668e2c1500cccea465d43f475,.xlsx
05A_STAGEF_CANONICAL_SOURCE_WORKBOOKS/Teaching_Case_Evidence_Repository_Lean_v0.2_OutputContract_Aligned.xlsx,35451,efa4e748a90281c7195eea41e1fd206e3786dd31989974027f447c39b53427c5,.xlsx
05A_STAGEF_CANONICAL_SOURCE_WORKBOOKS/Template_Output_Element_Contract_Repository_Lean_v0.2_FROZEN.xlsx,661459,f839d5964a4e5e7722d495646382f01f220408a3095567010e18d0635702baec,.xlsx
05_RUNTIME_REPOSITORIES/01_course.csv,58147,60a642e40639821a41fa35cea151be029f51a9d82ebbdc319e048df3caeab43b,.csv
05_RUNTIME_REPOSITORIES/02_module.csv,149109,8d5f776e31539bb1ef8219592e030249c65687420719ee0478e94add7df5d9e8,.csv
05_RUNTIME_REPOSITORIES/03_subtopic.csv,659469,2ce73da30a9f1ee5e769545b9729391b3d6eeb567adccd4d759ae98fba73acfb,.csv
05_RUNTIME_REPOSITORIES/04_kcr.csv,1842527,26ed55dc83708508ca7949e5a488d9c55750203e7c564459c4725551adc2b0ef,.csv
05_RUNTIME_REPOSITORIES/05_kpr.csv,114761,812650953bc4433136e502f19a7519754cb0349d4acb9ab758d36c63b3f6bedd,.csv
05_RUNTIME_REPOSITORIES/06_kfr.csv,196453,aca90a112a018c393f2d709872e717334fa170cd04af92de7b1f140b8154cd33,.csv
05_RUNTIME_REPOSITORIES/07_scr.csv,221319,a9f37da32724ee7659a117157720b2a98f9bd6e6dacc622db9875f13ec29c818,.csv
05_RUNTIME_REPOSITORIES/08_guardrail.csv,307827,dc8883eb3563b947168352d6bde736876e947e4c3267518436bf7aaf8f4580b7,.csv
05_RUNTIME_REPOSITORIES/09_application_context.csv,65041,5b579b25cbf7b0d6483bb6b177b02cce67d35e237f617a004b456be527b1759f,.csv
05_RUNTIME_REPOSITORIES/10_sdg_goal.csv,7463,8c5ef24aa88f9d0a5887bd0ad4230dc0dd5eec5f58c9042bf864c6c8c25e851c,.csv
05_RUNTIME_REPOSITORIES/11_sdg_target.csv,41022,826c002bfb128238b0c7217ea0543974d4d3e5c0d1ebecb66957749edf1f4bf3,.csv
05_RUNTIME_REPOSITORIES/12_sdg_indicator.csv,39478,9ac4bd1b03dc903c0f5c56b1b2fa9a4e8f48f3037539089ab24eb7f0b022a79c,.csv
05_RUNTIME_REPOSITORIES/13_esd_objective.csv,53229,5935f91a1f604ecc0a7a676ef86f151c0189d1cae8a466b515f57dfa06ebad14,.csv
05_RUNTIME_REPOSITORIES/14_esd_competency.csv,2706,d47b60be8f3fae910b64b057ffe2a0fd6faec798e3f28bd99221783c22305030,.csv
05_RUNTIME_REPOSITORIES/15_cf_knowledge.csv,213201,3d93313679ce69e6f61fad0952396e046cdda6e94442cfad8fe7658add9e6c60,.csv
05_RUNTIME_REPOSITORIES/16_cf_skill.csv,201242,deb3b6f755bb3a96c1d55dd82644ab16384dfeff9e0d14b8061024c06f234d9b,.csv
05_RUNTIME_REPOSITORIES/17_cf_value.csv,184931,d7dc0aa8c14b859eae92135335b234fce731418dac980dfa52f27f858cd0f0e2,.csv
05_RUNTIME_REPOSITORIES/18_cf_competency.csv,1984,78fba4e221e3667bc50a128f2f51d1f325739b115d1b5fea2eaad74827cfe2ea,.csv
05_RUNTIME_REPOSITORIES/Workbook1_Lean_v1_extracted.txt,473810,e38fe012f43e40185d5b7b9de2ad6e62a00aadf47a2e4bcb7795028309916fbd,.txt
05_RUNTIME_REPOSITORIES/relationships.csv,517428,ba140a9a1dd75206e80ff090d3966f20a961b0893bd4f0b2068c446300c7b4f1,.csv
06_VALIDATION_EVIDENCE/Design8a_52Units_59Executions_MiniLM_v1_ACCEPTED_REFERENCE.zip,53915,aaa38ea70d3d35f3bb23925c56d96acd042ac6e1de7613e756383cb07d05cba8,.zip
06_VALIDATION_EVIDENCE/Design8a_52Units_59Executions_MiniLM_v1_FRESH_COLAB_RERUN_2026-09-26.zip,53903,d0857a00409367c88c4e1253c76b0e52e622f6e7b97c544b12e8c3be90a76701,.zip
06_VALIDATION_EVIDENCE/Educator_Input_Validation_24_Design7_5b_MiniLM_v3_Results.zip,15262,9143a005c1d13814c360a5531e2bd3b7d89c998420478838a7e7c768d4e195be,.zip
06_VALIDATION_EVIDENCE/Full_Benchmark_52Units_59Executions_Design7_MiniLM_v2_Results.zip,33979,f3e9db8ffe3f315c64add766aa1ac3d64e6de669f0a9395b570a709151875a05,.zip
06_VALIDATION_EVIDENCE/Recommendation_System_Validation_Benchmark_Master_Register_v1.8_Lean.txt,92508,229b13877adeea6594e06fed337c875397a51f00200ffbbbf300bd02a4bbc724,.txt
07_UI_REFERENCE/UI_REFERENCE_SITES.md,1524,537051bb94374715565e0afbc9980b252f1f34e3dcbade8215c92c13a2069286,.md
08_HISTORICAL_RATIONALE/Project_Design_7_Handoff_Context_v2.md,16061,1f9f715201299c439e762aeab7125b055f596ea538a0f93cc0a22a6d4bdd0e92,.md
08_HISTORICAL_RATIONALE/Recommendation_System_New_Chat_Handoff_2026-09-23.docx,268573,898d7edcca40ac2fbf9c3e10bd7c3504f49acb32f8dfca2dbece8cbfc50d46e3,.docx
09_SOURCE_STATUS/SOURCE_STATUS_AND_GAPS.md,3841,b0ff50eef4678ae3abb35eb574b641971571815c253d10eadbf5d7c21828f8ef,.md
09_SOURCE_STATUS/SOURCE_VERIFICATION_2026-09-26.md,2383,1fbac069b23a85d07393f46f720e5c8107c6d0e68b09714886529186102521e9,.md
