application_context_id:ID,name,context_granularity,application_domain,description,technical_problem,operational_action,mechanism,sustainability_outcome,boundary_conditions,relevant_disciplines,transferability,keywords_synonyms,status,context_source,:LABEL
AC_000001,Textile Repair and Reuse Before Recycling,Reusable_Practice_or_System,Textiles; Materials; Circular Economy,Textile Repair and Reuse Before Recycling applies where Premature disposal or recycling of textile products that can still provide useful service. The operational response is Repair and reuse of textile products before recycling. The mechanism is Repair and reuse are used to retain product/material value before disposal or recycling. The intended sustainability outcome is Reduced resource demand and waste through extended use.,Premature disposal or recycling of textile products that can still provide useful service.,Repair and reuse of textile products before recycling,Repair and reuse are used to retain product/material value before disposal or recycling,Reduced resource demand and waste through extended use,"Use only where repair or reuse can safely retain meaningful function; do not prefer extended use when safety, health, or performance is compromised.",Textile Engineering; Product Design; Materials Engineering; Industrial Design,Cross-disciplinary where technical applicability and boundary conditions are satisfied,textile repair and reuse before recycling; repair and reuse are used to retain product/material value before disposal or recycling,Active,Repository_Seed,ApplicationContext
AC_000002,Product Reuse Before Material Recovery,Reusable_Practice_or_System,Products; Materials; Circular Economy,"Product Reuse Before Material Recovery applies where Products or materials are sent to material recovery before feasible further use is considered. The operational response is Repair, reuse, recycling sequence. The mechanism is Further use is considered before material recovery. The intended sustainability outcome is Retains useful function and delays material processing.",Products or materials are sent to material recovery before feasible further use is considered.,"Repair, reuse, recycling sequence",Further use is considered before material recovery,Retains useful function and delays material processing,Further use must be technically feasible and preferable in the stated context; reuse is not automatically superior to recycling in every case.,Product Design; Materials Engineering; Manufacturing; Circular Economy,Cross-disciplinary where technical applicability and boundary conditions are satisfied,product reuse before material recovery; further use is considered before material recovery,Active,Repository_Seed,ApplicationContext
AC_000003,Remanufacturing to Restore Service Function,Reusable_Practice_or_System,Manufacturing; Industrial Systems,"Remanufacturing to Restore Service Function applies where Used products require restoration of function without manufacturing a wholly new replacement. The operational response is Cleaning, dismantling, sorting, repair, assembly, testing and reverse logistics. The mechanism is Used products are processed through a remanufacturing sequence to restore equivalent service function. The intended sustainability outcome is Material and functional value are retained through remanufacturing.",Used products require restoration of function without manufacturing a wholly new replacement.,"Cleaning, dismantling, sorting, repair, assembly, testing and reverse logistics",Used products are processed through a remanufacturing sequence to restore equivalent service function,Material and functional value are retained through remanufacturing,Remanufacturing requires demonstrable restoration to a defined service/performance level and appropriate quality or safety controls.,Manufacturing Engineering; Mechanical Engineering; Industrial Engineering,Cross-disciplinary where technical applicability and boundary conditions are satisfied,remanufacturing to restore service function; used products are processed through a remanufacturing sequence to restore equivalent service function,Active,Repository_Seed,ApplicationContext
AC_000004,Condition-Informed Infrastructure Maintenance,Reusable_Practice_or_System,Infrastructure; Asset Management,"Condition-Informed Infrastructure Maintenance applies where Infrastructure deterioration is detected too late, increasing failure risk and premature replacement. The operational response is Integrated monitoring, forecasting, planned maintenance and infrastructure upgrading. The mechanism is Condition/performance information is used to anticipate deterioration and schedule intervention. The intended sustainability outcome is Failure risk and premature asset loss are reduced.","Infrastructure deterioration is detected too late, increasing failure risk and premature replacement.","Integrated monitoring, forecasting, planned maintenance and infrastructure upgrading",Condition/performance information is used to anticipate deterioration and schedule intervention,Failure risk and premature asset loss are reduced,Monitoring must be linked to condition assessment and an actionable maintenance decision; monitoring alone is insufficient.,Civil Engineering; Mechanical Engineering; Asset Management; Infrastructure Planning,Cross-disciplinary where technical applicability and boundary conditions are satisfied,condition-informed infrastructure maintenance; condition/performance information is used to anticipate deterioration and schedule intervention,Active,Repository_Seed,ApplicationContext
AC_000005,Water Demand Management Before Supply Expansion,Reusable_Practice_or_System,Water; Infrastructure; Resource Management,"Water Demand Management Before Supply Expansion applies where Service adequacy is pursued mainly through new supply or capacity even when avoidable demand can be reduced. The operational response is Water-use efficiency, community resource management and demand-side measures. The mechanism is Reducing avoidable demand can improve adequacy before expanding supply. The intended sustainability outcome is Lower pressure on water sources and infrastructure.",Service adequacy is pursued mainly through new supply or capacity even when avoidable demand can be reduced.,"Water-use efficiency, community resource management and demand-side measures",Reducing avoidable demand can improve adequacy before expanding supply,Lower pressure on water sources and infrastructure,Demand reduction must preserve required service levels and must address avoidable or flexible demand rather than suppress essential need.,Civil Engineering; Environmental Engineering; Water Resources; Planning,Cross-disciplinary where technical applicability and boundary conditions are satisfied,water demand management before supply expansion; reducing avoidable demand can improve adequacy before expanding supply,Active,Repository_Seed,ApplicationContext
AC_000006,Monitoring–Feedback–Corrective Action Cycle,Reusable_Practice_or_System,Monitoring; Data; Governance,"Monitoring–Feedback–Corrective Action Cycle applies where Monitoring data are collected but must be converted into review, corrective action, and implementation adjustment. The operational response is Monitoring, review meetings, community feedback and data-gap planning. The mechanism is Measured or reported evidence is used to identify gaps and adjust implementation. The intended sustainability outcome is Improves corrective action and implementation quality.","Monitoring data are collected but must be converted into review, corrective action, and implementation adjustment.","Monitoring, review meetings, community feedback and data-gap planning",Measured or reported evidence is used to identify gaps and adjust implementation,Improves corrective action and implementation quality,"Evidence must influence a decision, threshold, review, or corrective action; passive data collection does not satisfy the context.",Computer Science; Data Science; Environmental Engineering; Management; Public Policy,Cross-disciplinary where technical applicability and boundary conditions are satisfied,monitoring–feedback–corrective action cycle; measured or reported evidence is used to identify gaps and adjust implementation,Active,Repository_Seed,ApplicationContext
AC_000007,Participatory Water Resource Decision-Making,Reusable_Practice_or_System,Water; Governance; Community,"Participatory Water Resource Decision-Making applies where Shared-resource decisions risk excluding affected stakeholders and their contextual knowledge. The operational response is Local community participation in water management and participatory decision-making. The mechanism is Affected stakeholders contribute contextual knowledge and decisions. The intended sustainability outcome is Improves legitimacy, fit and shared responsibility for resource decisions.",Shared-resource decisions risk excluding affected stakeholders and their contextual knowledge.,Local community participation in water management and participatory decision-making,Affected stakeholders contribute contextual knowledge and decisions,"Improves legitimacy, fit and shared responsibility for resource decisions","Participation must be meaningful enough to influence information, priorities, or decisions; consultation without influence is insufficient.",Environmental Engineering; Water Resources; Public Policy; Social Sciences,Cross-disciplinary where technical applicability and boundary conditions are satisfied,participatory water resource decision-making; affected stakeholders contribute contextual knowledge and decisions,Active,Repository_Seed,ApplicationContext
AC_000008,Context-Appropriate Watershed and Aquifer Infrastructure,Reusable_Practice_or_System,Water; Infrastructure; Ecosystems,"Context-Appropriate Watershed and Aquifer Infrastructure applies where Water interventions may fail when hydrologic, social, ecological, and institutional conditions are treated separately. The operational response is Watershed/aquifer-scale approaches and locally appropriate water infrastructure. The mechanism is Interventions are fitted to hydrologic, social and institutional context. The intended sustainability outcome is Improves feasibility and long-term service performance.","Water interventions may fail when hydrologic, social, ecological, and institutional conditions are treated separately.",Watershed/aquifer-scale approaches and locally appropriate water infrastructure,"Interventions are fitted to hydrologic, social and institutional context",Improves feasibility and long-term service performance,"Local fit must be demonstrated against current hydrologic, social, ecological, institutional, safety, and performance conditions.",Civil Engineering; Environmental Engineering; Water Resources; Planning; Ecology,Cross-disciplinary where technical applicability and boundary conditions are satisfied,"context-appropriate watershed and aquifer infrastructure; interventions are fitted to hydrologic, social and institutional context",Active,Repository_Seed,ApplicationContext
AC_000009,Equitable Access to Services and Opportunities,Reusable_Practice_or_System,Public Services; Social Systems,"Equitable Access to Services and Opportunities applies where Vulnerable groups face barriers to essential services, resources, technology, or opportunities. The operational response is Access to basic services, resources, technology and opportunities for vulnerable groups. The mechanism is Reducing access barriers improves effective participation and capability. The intended sustainability outcome is Improves equitable access to essential opportunities.","Vulnerable groups face barriers to essential services, resources, technology, or opportunities.","Access to basic services, resources, technology and opportunities for vulnerable groups",Reducing access barriers improves effective participation and capability,Improves equitable access to essential opportunities,The context requires a real barrier to effective access and a mechanism that reduces that barrier; nominal availability alone is insufficient.,Public Policy; Management; Development Studies; Engineering Design,Cross-disciplinary where technical applicability and boundary conditions are satisfied,equitable access to services and opportunities; reducing access barriers improves effective participation and capability,Active,Repository_Seed,ApplicationContext
AC_000010,Knowledge and Skill Continuity Through Learning Exchange,Reusable_Practice_or_System,Education; Institutions; Knowledge Management,"Knowledge and Skill Continuity Through Learning Exchange applies where Knowledge and operational capability can be lost when expertise is not transferred across people or institutions. The operational response is Learning, training and exchange of knowledge and expertise. The mechanism is Capability is maintained through learning and transfer across people and institutions. The intended sustainability outcome is Reduces knowledge loss and supports continuity.",Knowledge and operational capability can be lost when expertise is not transferred across people or institutions.,"Learning, training and exchange of knowledge and expertise",Capability is maintained through learning and transfer across people and institutions,Reduces knowledge loss and supports continuity,"Learning or exchange must preserve usable capability, not merely transmit information without uptake, retention, or institutional use.",Education; Management; Knowledge Management; Information Systems,Cross-disciplinary where technical applicability and boundary conditions are satisfied,knowledge and skill continuity through learning exchange; capability is maintained through learning and transfer across people and institutions,Active,Repository_Seed,ApplicationContext
AC_000011,Shock-Resilient Skills and Social Support,Reusable_Practice_or_System,Social Protection; Employment,"Shock-Resilient Skills and Social Support applies where Economic and social shocks can erode livelihood capability unless protective and capability-building measures exist. The operational response is Skills, employment support and social services for vulnerable groups. The mechanism is Protective and capability-building measures reduce vulnerability and support recovery. The intended sustainability outcome is Maintains basic capability under economic and social shocks.",Economic and social shocks can erode livelihood capability unless protective and capability-building measures exist.,"Skills, employment support and social services for vulnerable groups",Protective and capability-building measures reduce vulnerability and support recovery,Maintains basic capability under economic and social shocks,Protective measures must maintain or restore real capability under shocks and should not create avoidable long-term dependency or exclusion.,Economics; Public Policy; Social Work; Management,Cross-disciplinary where technical applicability and boundary conditions are satisfied,shock-resilient skills and social support; protective and capability-building measures reduce vulnerability and support recovery,Active,Repository_Seed,ApplicationContext
AC_000012,Nutrition-Sensitive Local Production Systems,Reusable_Practice_or_System,Food; Agriculture; Nutrition,"Nutrition-Sensitive Local Production Systems applies where Local production decisions may not jointly account for nutrition, livelihoods, and ecological performance. The operational response is Diversified sustainable agricultural production linked to nutrition and livelihoods; participatory agroecological learning. The mechanism is Production choices are evaluated for nutritional outcomes, livelihoods and ecological performance. The intended sustainability outcome is Improves food-system resilience and nutritional adequacy.","Local production decisions may not jointly account for nutrition, livelihoods, and ecological performance.",Diversified sustainable agricultural production linked to nutrition and livelihoods; participatory agroecological learning,"Production choices are evaluated for nutritional outcomes, livelihoods and ecological performance",Improves food-system resilience and nutritional adequacy,Production choices must be linked to nutritional adequacy and local system performance; local production alone is insufficient.,Agriculture; Food Science; Nutrition; Environmental Science; Development Studies,Cross-disciplinary where technical applicability and boundary conditions are satisfied,"nutrition-sensitive local production systems; production choices are evaluated for nutritional outcomes, livelihoods and ecological performance",Active,Repository_Seed,ApplicationContext
AC_000013,Gender-Responsive Access and Leadership,Reusable_Practice_or_System,Gender; Governance; Livelihoods,"Gender-Responsive Access and Leadership applies where Nominal access does not ensure equitable control, benefit, participation, or leadership where gender-specific barriers persist. The operational response is Women’s participation, economic access, technology access and leadership. The mechanism is Removing gender-specific barriers changes actual control and benefit distribution. The intended sustainability outcome is Improves effective access and participation rather than nominal equality.","Nominal access does not ensure equitable control, benefit, participation, or leadership where gender-specific barriers persist.","Women’s participation, economic access, technology access and leadership",Removing gender-specific barriers changes actual control and benefit distribution,Improves effective access and participation rather than nominal equality,A gender-specific barrier or unequal control/benefit must be evidenced; generic inclusion claims do not by themselves establish this context.,Management; Public Policy; Development Studies; Technology and Society,Cross-disciplinary where technical applicability and boundary conditions are satisfied,gender-responsive access and leadership; removing gender-specific barriers changes actual control and benefit distribution,Active,Repository_Seed,ApplicationContext
AC_000014,Decent Employment Through Skills and Labour Protection,Reusable_Practice_or_System,Employment; Skills; Labour,"Decent Employment Through Skills and Labour Protection applies where Employment expansion can improve livelihoods only if skills and productive opportunity are not achieved at the expense of worker conditions. The operational response is Demand-driven skills, apprenticeships and labour inspection/social services. The mechanism is Capability development and labour protections support productive employment without sacrificing worker conditions. The intended sustainability outcome is Supports durable livelihoods and worker well-being.",Employment expansion can improve livelihoods only if skills and productive opportunity are not achieved at the expense of worker conditions.,"Demand-driven skills, apprenticeships and labour inspection/social services",Capability development and labour protections support productive employment without sacrificing worker conditions,Supports durable livelihoods and worker well-being,The context must address both productive opportunity and worker protection/well-being; skills training alone is insufficient.,Management; Economics; Public Policy; Human Resources; Engineering Management,Cross-disciplinary where technical applicability and boundary conditions are satisfied,decent employment through skills and labour protection; capability development and labour protections support productive employment without sacrificing worker conditions,Active,Repository_Seed,ApplicationContext
AC_000015,Cross-Sector Policy Coherence,Reusable_Practice_or_System,Governance; Policy,Cross-Sector Policy Coherence applies where Policies from different sectors can create contradictory incentives or implementation conflicts. The operational response is Policy coordination and mechanisms for policy coherence. The mechanism is Cross-sector alignment reduces contradictory incentives and implementation conflicts. The intended sustainability outcome is Improves consistency of sustainability action across governance systems.,Policies from different sectors can create contradictory incentives or implementation conflicts.,Policy coordination and mechanisms for policy coherence,Cross-sector alignment reduces contradictory incentives and implementation conflicts,Improves consistency of sustainability action across governance systems,A cross-sector policy interaction or implementation conflict must be identifiable; ordinary coordination alone is insufficient.,Public Policy; Governance; Management; Planning,Cross-disciplinary where technical applicability and boundary conditions are satisfied,cross-sector policy coherence; cross-sector alignment reduces contradictory incentives and implementation conflicts,Active,Repository_Seed,ApplicationContext
AC_000016,Multi-Stakeholder Knowledge and Resource Mobilization,Reusable_Practice_or_System,Partnerships; Knowledge; Technology; Capacity,"Multi-Stakeholder Knowledge and Resource Mobilization applies where A single actor may lack the knowledge, technology, finance, or implementation capacity needed to close a sustainability gap. The operational response is Multi-stakeholder exchange of knowledge, expertise, technology and implementation capacity. The mechanism is Complementary capabilities are combined where a single actor cannot close the implementation gap. The intended sustainability outcome is Closes knowledge, technology, finance or capacity gaps.","A single actor may lack the knowledge, technology, finance, or implementation capacity needed to close a sustainability gap.","Multi-stakeholder exchange of knowledge, expertise, technology and implementation capacity",Complementary capabilities are combined where a single actor cannot close the implementation gap,"Closes knowledge, technology, finance or capacity gaps",Multiple actors must contribute complementary capabilities or resources to an identified implementation gap; partnership alone is not sufficient evidence.,Management; Public Policy; Engineering Management; Information Systems; International Development,Cross-disciplinary where technical applicability and boundary conditions are satisfied,multi-stakeholder knowledge and resource mobilization; complementary capabilities are combined where a single actor cannot close the implementation gap,Active,Repository_Seed,ApplicationContext
AC_000017,Network Leakage Reduction Before New Water Supply,Reusable_Practice_or_System,Water; Infrastructure; Utility Operations,Network Leakage Reduction Before New Water Supply applies where Additional water-supply capacity is being considered while measurable leakage and distribution losses remain in the existing network. The operational response is Locate and reduce avoidable leakage and operational losses before committing to additional supply capacity. The mechanism is Recovering water that is already produced but lost in distribution increases effective service capacity without equivalent new abstraction or supply infrastructure. The intended sustainability outcome is lower resource loss and reduced pressure for premature supply expansion.,Additional water-supply capacity is being considered while measurable leakage and distribution losses remain in the existing network.,Locate and reduce avoidable leakage and operational losses before committing to additional supply capacity.,Recovering water that is already produced but lost in distribution increases effective service capacity without equivalent new abstraction or supply infrastructure.,lower resource loss and reduced pressure for premature supply expansion,"Leakage reduction must be technically feasible and must not compromise pressure, water quality, reliability, or essential service.",Civil Engineering; Environmental Engineering; Water Resources; Utility Management,Cross-disciplinary where technical applicability and boundary conditions are satisfied,network leakage reduction; water loss control; effective capacity recovery,Active,Repository_Seed,ApplicationContext
AC_000018,Groundwater Recharge with Local Hydrogeological Fit,Reusable_Practice_or_System,Groundwater; Water Resources; Hydrogeology,"Groundwater Recharge with Local Hydrogeological Fit applies where Groundwater replenishment is insufficient or variable, and recharge interventions may perform differently across local soil, aquifer, and hydrogeological conditions. The operational response is Design and locate recharge measures to increase infiltration and aquifer replenishment while adapting the intervention to site-specific hydrogeology. The mechanism is Recharge improves renewal of the groundwater resource, while local hydrogeological fit determines whether infiltration, storage, and recovery are technically plausible. The intended sustainability outcome is improved groundwater regeneration using context-appropriate recharge measures.","Groundwater replenishment is insufficient or variable, and recharge interventions may perform differently across local soil, aquifer, and hydrogeological conditions.",Design and locate recharge measures to increase infiltration and aquifer replenishment while adapting the intervention to site-specific hydrogeology.,"Recharge improves renewal of the groundwater resource, while local hydrogeological fit determines whether infiltration, storage, and recovery are technically plausible.",improved groundwater regeneration using context-appropriate recharge measures,"Recharge performance must be supported by local hydrogeological conditions, water quality, land availability, and avoidance of contamination or adverse groundwater impacts.",Civil Engineering; Environmental Engineering; Water Resources; Hydrogeology,Cross-disciplinary where technical applicability and boundary conditions are satisfied,groundwater recharge; aquifer replenishment; local hydrogeology; infiltration,Active,Repository_Seed,ApplicationContext
AC_000019,Scarce Compute Allocation by Need and Energy Impact,Reusable_Practice_or_System,Computing; Cloud Infrastructure; Resource Management,"Scarce Compute Allocation by Need and Energy Impact applies where Limited compute capacity must be allocated among competing services whose criticality, user need, expected benefit, and energy implications differ. The operational response is Allocate scarce compute capacity using explicit service need, expected benefit, operational risk, and energy impact rather than historical allocation alone. The mechanism is Allocation rules change who receives constrained capacity and how resource and energy burdens are distributed across services. The intended sustainability outcome is more defensible allocation of scarce compute resources with explicit sustainability consequences.","Limited compute capacity must be allocated among competing services whose criticality, user need, expected benefit, and energy implications differ.","Allocate scarce compute capacity using explicit service need, expected benefit, operational risk, and energy impact rather than historical allocation alone.",Allocation rules change who receives constrained capacity and how resource and energy burdens are distributed across services.,more defensible allocation of scarce compute resources with explicit sustainability consequences,The allocation criteria must be explicit and relevant to the decision; this context does not justify equal shares or arbitrary priority labels.,Computer Science; Cloud Computing; Information Technology; Operations Management,Cross-disciplinary where technical applicability and boundary conditions are satisfied,scarce compute allocation; resource allocation by need; energy impact,Active,Repository_Seed,ApplicationContext
AC_000020,Metric-Aware Operational Optimization,Reusable_Practice_or_System,Optimization; Operations; Performance Management,"Metric-Aware Operational Optimization applies where Operational choices are being optimized, but a convenient proxy metric may not fully represent the intended sustainability outcome. The operational response is Define the decision objective and evaluate whether the metric used for optimization is an adequate proxy for the sustainability outcome. The mechanism is The selected metric shapes the optimization target, so a poorly chosen proxy can improve the numerical objective while worsening the actual sustainability result. The intended sustainability outcome is optimization that remains aligned with the intended sustainability objective.","Operational choices are being optimized, but a convenient proxy metric may not fully represent the intended sustainability outcome.",Define the decision objective and evaluate whether the metric used for optimization is an adequate proxy for the sustainability outcome.,"The selected metric shapes the optimization target, so a poorly chosen proxy can improve the numerical objective while worsening the actual sustainability result.",optimization that remains aligned with the intended sustainability objective,"The metric, objective, decision variables, and known trade-offs must be explicit; measurement alone or threshold monitoring is insufficient.",Engineering; Operations Research; Computer Science; Management,Cross-disciplinary where technical applicability and boundary conditions are satisfied,metric-aware optimization; proxy objective; sustainability objective alignment,Active,Repository_Seed,ApplicationContext
AC_000021,Transparent Sustainability Decision Dashboard,Reusable_Practice_or_System,Data; Decision Support; Governance,"Transparent Sustainability Decision Dashboard applies where Decision-makers cannot readily see the sustainability indicators, assumptions, trade-offs, or evidence used to compare alternatives. The operational response is Present sustainability-relevant indicators, assumptions, uncertainty, and option comparisons in a traceable decision-support interface. The mechanism is Making decision-relevant evidence visible and interpretable allows alternatives and trade-offs to be examined rather than hidden inside data or models. The intended sustainability outcome is greater transparency and traceability in sustainability-related decisions.","Decision-makers cannot readily see the sustainability indicators, assumptions, trade-offs, or evidence used to compare alternatives.","Present sustainability-relevant indicators, assumptions, uncertainty, and option comparisons in a traceable decision-support interface.",Making decision-relevant evidence visible and interpretable allows alternatives and trade-offs to be examined rather than hidden inside data or models.,greater transparency and traceability in sustainability-related decisions,"Displayed information must be decision-relevant, understandable, and traceable to evidence; visibility alone does not establish accountability or corrective action.",Computer Science; Data Science; Management; Public Policy; Engineering,Cross-disciplinary where technical applicability and boundary conditions are satisfied,transparent sustainability decisions; decision dashboard; traceable indicators,Active,Repository_Seed,ApplicationContext
AC_000022,Accountability for Environmental Performance Commitments,Reusable_Practice_or_System,Governance; Environmental Management,"Accountability for Environmental Performance Commitments applies where Environmental commitments or performance claims exist, but responsibility, reporting, answerability, and follow-up are unclear. The operational response is Assign responsibilities, disclose performance against commitments, and establish review or answerability for deviations. The mechanism is Transparency becomes accountability when identifiable actors must explain performance and respond to unmet commitments or obligations. The intended sustainability outcome is clearer responsibility and accountability for environmental performance.","Environmental commitments or performance claims exist, but responsibility, reporting, answerability, and follow-up are unclear.","Assign responsibilities, disclose performance against commitments, and establish review or answerability for deviations.",Transparency becomes accountability when identifiable actors must explain performance and respond to unmet commitments or obligations.,clearer responsibility and accountability for environmental performance,Accountability requires identifiable responsibilities and an answerability mechanism; disclosure without responsibility is insufficient.,Environmental Engineering; Environmental Management; Public Policy; Governance,Cross-disciplinary where technical applicability and boundary conditions are satisfied,environmental accountability; performance commitments; answerability,Active,Repository_Seed,ApplicationContext
AC_000023,Repair-Oriented Product Architecture,Reusable_Practice_or_System,Product Design; Mechanical Systems; Circularity,"Repair-Oriented Product Architecture applies where Products or equipment are difficult to inspect, open, diagnose, service, or repair because of design choices that restrict maintenance access or replacement of failed parts. The operational response is Design components, interfaces, access points, documentation, and replaceable parts so inspection, servicing, and repair can be performed safely and practicably. The mechanism is Maintainability and repairability are created partly by architecture, access, diagnostics, parts, and service information rather than by maintenance activity alone. The intended sustainability outcome is greater practical repairability and longer potential service life.","Products or equipment are difficult to inspect, open, diagnose, service, or repair because of design choices that restrict maintenance access or replacement of failed parts.","Design components, interfaces, access points, documentation, and replaceable parts so inspection, servicing, and repair can be performed safely and practicably.","Maintainability and repairability are created partly by architecture, access, diagnostics, parts, and service information rather than by maintenance activity alone.",greater practical repairability and longer potential service life,"Repair-oriented design must remain compatible with safety, performance, regulatory requirements, reasonable service time, and realistic availability of parts and skills.",Mechanical Engineering; Product Design; Manufacturing; Industrial Design,Cross-disciplinary where technical applicability and boundary conditions are satisfied,design for repair; maintainability; service access; replaceable components,Active,Repository_Seed,ApplicationContext
AC_000024,Condition-Based Maintenance and Asset Life Extension,Reusable_Practice_or_System,Asset Management; Infrastructure; Equipment,"Condition-Based Maintenance and Asset Life Extension applies where Equipment deterioration is addressed mainly after failure, increasing downtime, safety risk, and premature replacement. The operational response is Use condition, inspection, performance, or failure-risk information to schedule preventive intervention before loss of required function. The mechanism is Condition-informed intervention can slow deterioration, prevent avoidable failure, and preserve safe useful life. The intended sustainability outcome is reduced failure risk and delayed premature asset replacement.","Equipment deterioration is addressed mainly after failure, increasing downtime, safety risk, and premature replacement.","Use condition, inspection, performance, or failure-risk information to schedule preventive intervention before loss of required function.","Condition-informed intervention can slow deterioration, prevent avoidable failure, and preserve safe useful life.",reduced failure risk and delayed premature asset replacement,"Maintenance action must be justified by condition, failure mode, risk, or credible intervals; excessive maintenance can also waste resources.",Civil Engineering; Mechanical Engineering; Asset Management; Facilities Management,Cross-disciplinary where technical applicability and boundary conditions are satisfied,condition-based maintenance; preventive maintenance; asset life extension,Active,Repository_Seed,ApplicationContext
AC_000025,Pollution Prevention Before Remediation,Reusable_Practice_or_System,Pollution Control; Environmental Management,"Pollution Prevention Before Remediation applies where A process or activity is expected to create a harmful release or contamination that would otherwise require downstream treatment or remediation. The operational response is Modify the source, process, material, or operating condition to prevent or reduce the harmful release before relying on cleanup or remediation. The mechanism is Avoiding generation of the harmful output can remove or reduce the need for later control and remediation. The intended sustainability outcome is lower pollution burden through source prevention rather than after-the-fact cleanup.",A process or activity is expected to create a harmful release or contamination that would otherwise require downstream treatment or remediation.,"Modify the source, process, material, or operating condition to prevent or reduce the harmful release before relying on cleanup or remediation.",Avoiding generation of the harmful output can remove or reduce the need for later control and remediation.,lower pollution burden through source prevention rather than after-the-fact cleanup,"Prevention must be technically feasible and should not shift equal or greater harm to another medium, location, life-cycle stage, or population.",Environmental Engineering; Chemical Engineering; Manufacturing; Environmental Management,Cross-disciplinary where technical applicability and boundary conditions are satisfied,pollution prevention; source reduction; prevention before remediation,Active,Repository_Seed,ApplicationContext
AC_000026,Upstream Sustainability Risk Prevention,Reusable_Practice_or_System,Design; Operations; Risk Management,"Upstream Sustainability Risk Prevention applies where A foreseeable sustainability harm may be embedded in a design, process, sourcing, or operating decision before the harm becomes difficult or costly to reverse. The operational response is Identify the causal pathway early and redesign the decision to avoid or materially reduce the risk before it becomes an operational burden. The mechanism is Early intervention changes the conditions that create the risk rather than depending primarily on later mitigation or compensation. The intended sustainability outcome is reduced sustainability harm through proactive risk avoidance.","A foreseeable sustainability harm may be embedded in a design, process, sourcing, or operating decision before the harm becomes difficult or costly to reverse.",Identify the causal pathway early and redesign the decision to avoid or materially reduce the risk before it becomes an operational burden.,Early intervention changes the conditions that create the risk rather than depending primarily on later mitigation or compensation.,reduced sustainability harm through proactive risk avoidance,The causal pathway and plausible harm must be identifiable; prevention should be proportionate and should not be claimed when only after-the-fact mitigation is available.,Engineering Design; Operations; Management; Environmental Management,Cross-disciplinary where technical applicability and boundary conditions are satisfied,preventive sustainability; proactive risk avoidance; upstream prevention,Active,Repository_Seed,ApplicationContext
AC_000027,Meaningful Stakeholder Influence in Project Design,Reusable_Practice_or_System,Participation; Planning; Governance,"Meaningful Stakeholder Influence in Project Design applies where A project affects stakeholders whose knowledge, needs, or risks are relevant, but consultation occurs too late or has no influence on the decision. The operational response is Create decision points where affected stakeholders can shape information, priorities, alternatives, or design choices before key commitments are fixed. The mechanism is Participation changes the decision process by incorporating affected knowledge and giving stakeholders meaningful influence rather than only receiving information. The intended sustainability outcome is better-informed and more legitimate project decisions.","A project affects stakeholders whose knowledge, needs, or risks are relevant, but consultation occurs too late or has no influence on the decision.","Create decision points where affected stakeholders can shape information, priorities, alternatives, or design choices before key commitments are fixed.",Participation changes the decision process by incorporating affected knowledge and giving stakeholders meaningful influence rather than only receiving information.,better-informed and more legitimate project decisions,"Participation must have a defined route to influence information, priorities, alternatives, or decisions; attendance or consultation alone is insufficient.",Engineering Planning; Public Policy; Management; Social Sciences,Cross-disciplinary where technical applicability and boundary conditions are satisfied,meaningful participation; stakeholder influence; participatory design,Active,Repository_Seed,ApplicationContext
AC_000028,Shared Resource Governance with User Rules and Monitoring,Reusable_Practice_or_System,Commons; Natural Resources; Governance,"Shared Resource Governance with User Rules and Monitoring applies where A shared resource is used by multiple actors, but access rules, monitoring, maintenance responsibilities, or conflict-resolution arrangements are weak or unclear. The operational response is Define legitimate rules for access and use, assign monitoring and maintenance responsibilities, and establish review or conflict-resolution arrangements among resource users. The mechanism is Governance connects resource condition with user behaviour, information, responsibility, and collective action. The intended sustainability outcome is more durable management of a shared resource.","A shared resource is used by multiple actors, but access rules, monitoring, maintenance responsibilities, or conflict-resolution arrangements are weak or unclear.","Define legitimate rules for access and use, assign monitoring and maintenance responsibilities, and establish review or conflict-resolution arrangements among resource users.","Governance connects resource condition with user behaviour, information, responsibility, and collective action.",more durable management of a shared resource,"Governance arrangements must be legitimate, enforceable, responsive to ecological conditions, and attentive to power asymmetries; participation alone is insufficient.",Water Resources; Environmental Management; Public Policy; Community Management,Cross-disciplinary where technical applicability and boundary conditions are satisfied,shared resource governance; user rules; monitoring; collective responsibility,Active,Repository_Seed,ApplicationContext
AC_000029,Reciprocal Responsibility for Shared Infrastructure,Reusable_Practice_or_System,Infrastructure; Community Services; Governance,"Reciprocal Responsibility for Shared Infrastructure applies where Users receive benefits from a shared service or infrastructure, but responsibilities for care, reporting, maintenance, or legitimate contribution are disconnected from use. The operational response is Link access or benefits to transparent and proportionate responsibilities for sustaining the shared system, according to role, capacity, and rights. The mechanism is Reciprocity aligns legitimate benefits with responsibilities that help maintain the conditions on which those benefits depend. The intended sustainability outcome is stronger long-term viability of shared infrastructure or services.","Users receive benefits from a shared service or infrastructure, but responsibilities for care, reporting, maintenance, or legitimate contribution are disconnected from use.","Link access or benefits to transparent and proportionate responsibilities for sustaining the shared system, according to role, capacity, and rights.",Reciprocity aligns legitimate benefits with responsibilities that help maintain the conditions on which those benefits depend.,stronger long-term viability of shared infrastructure or services,"Responsibilities must be legitimate, transparent, proportionate, and compatible with rights and ability to contribute; reciprocity does not imply equal contributions.",Infrastructure Planning; Public Services; Community Management; Governance,Cross-disciplinary where technical applicability and boundary conditions are satisfied,reciprocal responsibility; shared infrastructure; user responsibility,Active,Repository_Seed,ApplicationContext
AC_000030,Responsibility for Unequal Environmental Burdens,Reusable_Practice_or_System,Environmental Justice; Planning; Governance,"Responsibility for Unequal Environmental Burdens applies where A project or activity creates environmental burdens that fall disproportionately on particular communities, locations, or groups without clear responsibility for prevention or redress. The operational response is Identify how burdens are distributed, who influences the decision, and who is responsible for preventing, reducing, or remedying disproportionate impacts. The mechanism is Making burden distribution and responsibility explicit reduces the risk that environmental costs are externalized onto less powerful groups. The intended sustainability outcome is more accountable and equitable handling of environmental burdens.","A project or activity creates environmental burdens that fall disproportionately on particular communities, locations, or groups without clear responsibility for prevention or redress.","Identify how burdens are distributed, who influences the decision, and who is responsible for preventing, reducing, or remedying disproportionate impacts.",Making burden distribution and responsibility explicit reduces the risk that environmental costs are externalized onto less powerful groups.,more accountable and equitable handling of environmental burdens,Unequal burden must be evidenced; the concept does not assume that every environmental impact is unjust or that responsibility is identical for all actors.,Environmental Engineering; Planning; Public Policy; Environmental Justice,Cross-disciplinary where technical applicability and boundary conditions are satisfied,environmental burden responsibility; unequal impacts; environmental justice,Active,Repository_Seed,ApplicationContext
AC_000031,Polluter-Pays Cost Internalization,Reusable_Practice_or_System,Pollution; Regulation; Environmental Economics,"Polluter-Pays Cost Internalization applies where Pollution or environmental damage creates prevention, control, remediation, monitoring, or compensation costs that would otherwise be borne by the public or affected parties. The operational response is Assign relevant prevention, control, remediation, or compensation costs to the actor responsible for the pollution or damage under the applicable governance framework. The mechanism is Cost responsibility internalizes part of the environmental burden and reduces incentives to shift pollution costs to others. The intended sustainability outcome is clearer responsibility for the costs of pollution prevention and damage.","Pollution or environmental damage creates prevention, control, remediation, monitoring, or compensation costs that would otherwise be borne by the public or affected parties.","Assign relevant prevention, control, remediation, or compensation costs to the actor responsible for the pollution or damage under the applicable governance framework.",Cost responsibility internalizes part of the environmental burden and reduces incentives to shift pollution costs to others.,clearer responsibility for the costs of pollution prevention and damage,"Causation, legal authority, proportionality, and the relevant cost categories must be established; the principle does not justify arbitrary penalties.",Environmental Engineering; Environmental Law; Economics; Public Policy,Cross-disciplinary where technical applicability and boundary conditions are satisfied,polluter pays; environmental cost internalization; remediation responsibility,Active,Repository_Seed,ApplicationContext
AC_000032,Lower-Impact Material Substitution,Reusable_Practice_or_System,Materials; Product Design; Manufacturing,"Lower-Impact Material Substitution applies where A design requires a material choice where candidate materials differ in resource demand, toxicity, durability, recyclability, embodied impacts, or service performance. The operational response is Compare technically feasible materials against functional requirements and relevant life-cycle sustainability consequences before selecting or substituting a material. The mechanism is Material choice changes upstream extraction, manufacturing, use-phase performance, maintenance, and end-of-life consequences. The intended sustainability outcome is reduced life-cycle impact without sacrificing required function.","A design requires a material choice where candidate materials differ in resource demand, toxicity, durability, recyclability, embodied impacts, or service performance.",Compare technically feasible materials against functional requirements and relevant life-cycle sustainability consequences before selecting or substituting a material.,"Material choice changes upstream extraction, manufacturing, use-phase performance, maintenance, and end-of-life consequences.",reduced life-cycle impact without sacrificing required function,"Substitution must remain compatible with performance, safety, durability, manufacturability, availability, and relevant life-cycle trade-offs; a single impact metric is insufficient.",Materials Engineering; Mechanical Engineering; Product Design; Manufacturing,Cross-disciplinary where technical applicability and boundary conditions are satisfied,sustainable material selection; lower-impact material; material substitution,Active,Repository_Seed,ApplicationContext
AC_000033,Integrated Design for Sustainability,Reusable_Practice_or_System,Engineering Design; Product and System Development,"Integrated Design for Sustainability applies where Sustainability is considered only after major design choices have already fixed material, energy, maintenance, use, or end-of-life consequences. The operational response is Integrate sustainability requirements and trade-offs into early and iterative design decisions alongside function, safety, cost, performance, and usability. The mechanism is Early design choices shape multiple life-cycle consequences, so sustainability is more effectively influenced when it is treated as a design requirement rather than a late add-on. The intended sustainability outcome is better life-cycle sustainability performance through integrated design decisions.","Sustainability is considered only after major design choices have already fixed material, energy, maintenance, use, or end-of-life consequences.","Integrate sustainability requirements and trade-offs into early and iterative design decisions alongside function, safety, cost, performance, and usability.","Early design choices shape multiple life-cycle consequences, so sustainability is more effectively influenced when it is treated as a design requirement rather than a late add-on.",better life-cycle sustainability performance through integrated design decisions,"Sustainability requirements must be specific enough to influence real design choices and must be evaluated alongside safety, function, reliability, and other essential requirements.",Mechanical Engineering; Civil Engineering; Product Design; Industrial Engineering; Architecture,Cross-disciplinary where technical applicability and boundary conditions are satisfied,design for sustainability; sustainable design requirements; integrated design,Active,Repository_Seed,ApplicationContext
AC_000034,Whole-Life Cost and Value Comparison,Reusable_Practice_or_System,Asset Management; Infrastructure; Procurement,"Whole-Life Cost and Value Comparison applies where Alternatives are compared mainly on initial cost even though operating, maintenance, failure, replacement, environmental, or service consequences occur over the asset life. The operational response is Compare alternatives using relevant whole-life costs, service value, risks, and sustainability consequences over an explicit time horizon. The mechanism is Life-cycle comparison changes decisions when future operation, maintenance, replacement, or external consequences are materially different across alternatives. The intended sustainability outcome is more durable value-based decisions over the asset life cycle.","Alternatives are compared mainly on initial cost even though operating, maintenance, failure, replacement, environmental, or service consequences occur over the asset life.","Compare alternatives using relevant whole-life costs, service value, risks, and sustainability consequences over an explicit time horizon.","Life-cycle comparison changes decisions when future operation, maintenance, replacement, or external consequences are materially different across alternatives.",more durable value-based decisions over the asset life cycle,"The time horizon, discounting or valuation assumptions, service requirements, uncertainty, and included cost/value categories must be explicit.",Civil Engineering; Mechanical Engineering; Asset Management; Procurement; Management,Cross-disciplinary where technical applicability and boundary conditions are satisfied,whole-life cost; life-cycle value; total cost of ownership; asset comparison,Active,Repository_Seed,ApplicationContext
AC_000035,Learning-and-Revision Cycle for Sustainability Programs,Reusable_Practice_or_System,Monitoring; Program Management; Learning,"Learning-and-Revision Cycle for Sustainability Programs applies where A sustainability program operates under changing conditions, but monitoring results and implementation experience are not systematically used to revise the approach. The operational response is Review observed outcomes, compare them with expectations, identify learning, and revise procedures, assumptions, or implementation choices over successive cycles. The mechanism is Feedback turns monitoring into organizational learning by updating the understanding or practice used in subsequent decisions. The intended sustainability outcome is progressive improvement of sustainability practice as evidence accumulates.","A sustainability program operates under changing conditions, but monitoring results and implementation experience are not systematically used to revise the approach.","Review observed outcomes, compare them with expectations, identify learning, and revise procedures, assumptions, or implementation choices over successive cycles.",Feedback turns monitoring into organizational learning by updating the understanding or practice used in subsequent decisions.,progressive improvement of sustainability practice as evidence accumulates,"A learning cycle requires usable feedback, review, and the ability to revise practice; passive monitoring or one-time evaluation is insufficient.",Management; Environmental Management; Public Policy; Engineering Programs,Cross-disciplinary where technical applicability and boundary conditions are satisfied,adaptive learning; learning cycle; monitoring and revision,Active,Repository_Seed,ApplicationContext
AC_000036,Adaptive Management for Uncertain Ecological Intervention,Reusable_Practice_or_System,Ecology; Environmental Management; Natural Resources,"Adaptive Management for Uncertain Ecological Intervention applies where An ecological intervention has uncertain system responses and changing conditions, making a single fixed plan unreliable. The operational response is Implement a revisable intervention with defined monitoring signals, review points, and allowable adjustments so management can respond to observed outcomes. The mechanism is Observation and iterative adjustment reduce dependence on a single forecast while preserving the ability to change course as evidence develops. The intended sustainability outcome is better management of uncertain ecological outcomes without unnecessary irreversible commitment.","An ecological intervention has uncertain system responses and changing conditions, making a single fixed plan unreliable.","Implement a revisable intervention with defined monitoring signals, review points, and allowable adjustments so management can respond to observed outcomes.",Observation and iterative adjustment reduce dependence on a single forecast while preserving the ability to change course as evidence develops.,better management of uncertain ecological outcomes without unnecessary irreversible commitment,"The uncertainty, monitored variables, review points, and allowable adjustments must be explicit; adaptive management is not a substitute for precaution where credible severe irreversible harm requires protective action.",Ecology; Environmental Engineering; Natural Resource Management; Conservation,Cross-disciplinary where technical applicability and boundary conditions are satisfied,adaptive management; ecological uncertainty; iterative adjustment,Active,Repository_Seed,ApplicationContext
AC_000037,Ecological Infrastructure for Stormwater and Cooling,Reusable_Practice_or_System,Infrastructure; Urban Ecology; Water,"Ecological Infrastructure for Stormwater and Cooling applies where Conventional infrastructure must manage stormwater, heat, or related urban environmental functions while development also affects habitat and ecological processes. The operational response is Use vegetation, soils, wetlands, water-sensitive landscapes, or other ecological structures as functional parts of the infrastructure system where performance is suitable. The mechanism is Ecological processes can provide water retention, cooling, habitat, or related services while maintaining or restoring ecological function. The intended sustainability outcome is multifunctional infrastructure with measurable ecological service.","Conventional infrastructure must manage stormwater, heat, or related urban environmental functions while development also affects habitat and ecological processes.","Use vegetation, soils, wetlands, water-sensitive landscapes, or other ecological structures as functional parts of the infrastructure system where performance is suitable.","Ecological processes can provide water retention, cooling, habitat, or related services while maintaining or restoring ecological function.",multifunctional infrastructure with measurable ecological service,"The ecological function, service level, reliability, safety, maintenance, and site suitability must be evaluated; green appearance alone is insufficient.",Civil Engineering; Environmental Engineering; Landscape Architecture; Urban Planning,Cross-disciplinary where technical applicability and boundary conditions are satisfied,ecological infrastructure; stormwater; cooling; ecosystem service,Active,Repository_Seed,ApplicationContext
AC_000038,Nature-Positive Campus or Building Footprint,Reusable_Practice_or_System,Built Environment; Campus; Urban Ecology,"Nature-Positive Campus or Building Footprint applies where A building, campus, or developed site occupies land and alters habitat, water, vegetation, and microclimate, but its footprint is evaluated only for human use. The operational response is Design and manage the occupied footprint to retain, restore, or create measurable ecological functions alongside the primary human use. The mechanism is The developed footprint can support habitat, water retention, cooling, vegetation, or other ecological functions rather than only displacing them. The intended sustainability outcome is reduced ecological loss and, where feasible, measurable ecological gain within occupied space.","A building, campus, or developed site occupies land and alters habitat, water, vegetation, and microclimate, but its footprint is evaluated only for human use.","Design and manage the occupied footprint to retain, restore, or create measurable ecological functions alongside the primary human use.","The developed footprint can support habitat, water retention, cooling, vegetation, or other ecological functions rather than only displacing them.","reduced ecological loss and, where feasible, measurable ecological gain within occupied space","Ecological functions must be defined, measured, maintained, and compatible with safety and the primary service of the site.",Civil Engineering; Architecture; Landscape Architecture; Campus Planning; Ecology,Cross-disciplinary where technical applicability and boundary conditions are satisfied,nature-positive occupied space; campus ecology; building footprint ecological function,Active,Repository_Seed,ApplicationContext
AC_000039,Life-Cycle Responsibility Across Asset Stages,Reusable_Practice_or_System,Products; Infrastructure; Supply Chains,"Life-Cycle Responsibility Across Asset Stages applies where Environmental and social consequences are distributed across design, sourcing, manufacture, use, maintenance, and end-of-life, while decision responsibility is fragmented between actors. The operational response is Identify material life-cycle stages and assign decision, information, prevention, maintenance, recovery, or end-of-life responsibilities to the actors able to influence them. The mechanism is Responsibility across stages reduces the chance that impacts are ignored because they occur outside the immediate organizational or project boundary. The intended sustainability outcome is better management of sustainability consequences across the asset life cycle.","Environmental and social consequences are distributed across design, sourcing, manufacture, use, maintenance, and end-of-life, while decision responsibility is fragmented between actors.","Identify material life-cycle stages and assign decision, information, prevention, maintenance, recovery, or end-of-life responsibilities to the actors able to influence them.",Responsibility across stages reduces the chance that impacts are ignored because they occur outside the immediate organizational or project boundary.,better management of sustainability consequences across the asset life cycle,"Responsibilities must be tied to real influence, authority, information, or contractual roles; the concept does not imply that one actor controls every life-cycle stage.",Engineering Management; Product Design; Infrastructure; Supply Chain Management,Cross-disciplinary where technical applicability and boundary conditions are satisfied,life-cycle responsibility; extended responsibility; asset stages,Active,Repository_Seed,ApplicationContext
AC_000040,Local Maintainability and Service Capacity,Reusable_Practice_or_System,Technology; Infrastructure; Service Systems,"Local Maintainability and Service Capacity applies where A technically capable system depends on specialist skills, tools, spare parts, information, finance, or supply routes that are not reliably available where the system will operate. The operational response is Assess the operation and maintenance capabilities required and adapt the technology, support model, documentation, training, parts strategy, or institutional arrangements to local capacity. The mechanism is Long-term performance depends on the continuing availability of the people, resources, information, and institutions needed to operate and maintain the system. The intended sustainability outcome is more reliable service through maintainable and supportable technology choices.","A technically capable system depends on specialist skills, tools, spare parts, information, finance, or supply routes that are not reliably available where the system will operate.","Assess the operation and maintenance capabilities required and adapt the technology, support model, documentation, training, parts strategy, or institutional arrangements to local capacity.","Long-term performance depends on the continuing availability of the people, resources, information, and institutions needed to operate and maintain the system.",more reliable service through maintainable and supportable technology choices,"Required skills, tools, parts, financing, documentation, authority, and supply routes must exist or be realistically developable; local deployment alone is not evidence of maintainability.",Engineering; Infrastructure Planning; Technology Management; Operations,Cross-disciplinary where technical applicability and boundary conditions are satisfied,local maintainability; service capacity; spare parts; operator skills,Active,Repository_Seed,ApplicationContext
