esd_objective_id:ID,domain,objective_no,text,status,:LABEL
ESD_SDG01_COG_01,Cognitive,1,The learner understands the concepts of extreme and relative poverty and is able to critically reflect on their underlying cultural and normative assumptions and practices.,Active,ESDLearningObjective
ESD_SDG01_COG_02,Cognitive,2,"The learner knows about the local, national and global distribution of extreme poverty and extreme wealth.",Active,ESDLearningObjective
ESD_SDG01_COG_03,Cognitive,3,"The learner knows about causes and impacts of poverty such as unequal distribution of resources and power, colonization, conflicts, disasters caused by natural hazards and other climate change-induced impacts, environmental degradation and technological disasters, and the lack of social protection systems and measures.",Active,ESDLearningObjective
ESD_SDG01_COG_04,Cognitive,4,The learner understands how extremes of poverty and extremes of wealth affect basic human rights and needs.,Active,ESDLearningObjective
ESD_SDG01_COG_05,Cognitive,5,The learner knows about poverty reduction strategies and measures and is able to distinguish between deficit-based and strength-based approaches to addressing poverty.,Active,ESDLearningObjective
ESD_SDG01_SOC_01,Socio-emotional,1,The learner is able to collaborate with others to empower individuals and communities to affect change in the distribution of power and resources in the community and beyond.,Active,ESDLearningObjective
ESD_SDG01_SOC_02,Socio-emotional,2,The learner is able to raise awareness about extremes of poverty and wealth and encourage dialogue about solutions.,Active,ESDLearningObjective
ESD_SDG01_SOC_03,Socio-emotional,3,The learner is able to show sensitivity to the issues of poverty as well as empathy and solidarity with poor people and those in vulnerable situations.,Active,ESDLearningObjective
ESD_SDG01_SOC_04,Socio-emotional,4,The learner is able to identify their personal experiences and biases with respect to poverty.,Active,ESDLearningObjective
ESD_SDG01_SOC_05,Socio-emotional,5,The learner is able to reflect critically on their own role in maintaining global structures of inequality.,Active,ESDLearningObjective
ESD_SDG01_BEH_01,Behavioural,1,"The learner is able to plan, implement, evaluate and replicate activities that contribute to poverty reduction.",Active,ESDLearningObjective
ESD_SDG01_BEH_02,Behavioural,2,"The learner is able to publicly demand and support the development and integration of policies that promote social and economic justice, risk reduction strategies and poverty eradication actions.",Active,ESDLearningObjective
ESD_SDG01_BEH_03,Behavioural,3,"The learner is able to evaluate, participate in and influence decision-making related to management strategies of local, national and international enterprises concerning poverty generation and eradication.",Active,ESDLearningObjective
ESD_SDG01_BEH_04,Behavioural,4,"The learner is able to include poverty reduction, social justice and anti-corruption considerations in their consumption activities.",Active,ESDLearningObjective
ESD_SDG01_BEH_05,Behavioural,5,The learner is able to propose solutions to address systemic problems related to poverty.,Active,ESDLearningObjective
ESD_SDG02_COG_01,Cognitive,1,"The learner knows about hunger and malnutrition and their main physical and psychological effects on human life, and about specific vulnerable groups.",Active,ESDLearningObjective
ESD_SDG02_COG_02,Cognitive,2,"The learner knows about the amount and distribution of hunger and malnutrition locally, nationally and globally, currently as well as historically.",Active,ESDLearningObjective
ESD_SDG02_COG_03,Cognitive,3,"The learner knows the main drivers and root causes for hunger at the individual, local, national and global level.",Active,ESDLearningObjective
ESD_SDG02_COG_04,Cognitive,4,The learner knows principles of sustainable agriculture and understands the need for legal rights to have land and property as necessary conditions to promote it.,Active,ESDLearningObjective
ESD_SDG02_COG_05,Cognitive,5,"The learner understands the need for sustainable agriculture to combat hunger and malnutrition worldwide and knows about other strategies to combat hunger, malnutrition and poor diets.",Active,ESDLearningObjective
ESD_SDG02_SOC_01,Socio-emotional,1,The learner is able to communicate on the issues and connections between combating hunger and promoting sustainable agriculture and improved nutrition.,Active,ESDLearningObjective
ESD_SDG02_SOC_02,Socio-emotional,2,The learner is able to collaborate with others to encourage and to empower them to combat hunger and to promote sustainable agriculture and improved nutrition.,Active,ESDLearningObjective
ESD_SDG02_SOC_03,Socio-emotional,3,The learner is able to create a vision for a world without hunger and malnutrition.,Active,ESDLearningObjective
ESD_SDG02_SOC_04,Socio-emotional,4,"The learner is able to reflect on their own values and deal with diverging values, attitudes and strategies in relation to combating hunger and malnutrition and promoting sustainable agriculture.",Active,ESDLearningObjective
ESD_SDG02_SOC_05,Socio-emotional,5,"The learner is able to feel empathy, responsibility and solidarity for and with people suffering from hunger and malnutrition.",Active,ESDLearningObjective
ESD_SDG02_BEH_01,Behavioural,1,The learner is able to evaluate and implement actions personally and locally to combat hunger and to promote sustainable agriculture.,Active,ESDLearningObjective
ESD_SDG02_BEH_02,Behavioural,2,"The learner is able to evaluate, participate in and influence decision-making related to public policies concerning the combat against hunger and malnutrition and the promotion of sustainable agriculture.",Active,ESDLearningObjective
ESD_SDG02_BEH_03,Behavioural,3,"The learner is able to evaluate, participate in and influence decision-making related to management strategies of local, national and international enterprises concerning the combat against hunger and malnutrition and the promotion of sustainable agriculture.",Active,ESDLearningObjective
ESD_SDG02_BEH_04,Behavioural,4,The learner is able to take on critically their role as an active global citizen in the challenge of combating hunger.,Active,ESDLearningObjective
ESD_SDG02_BEH_05,Behavioural,5,The learner is able to change their production and consumption practices in order to contribute to the combat against hunger and the promotion of sustainable agriculture.,Active,ESDLearningObjective
ESD_SDG03_COG_01,Cognitive,1,"The learner knows conceptions of health, hygiene and well-being and can critically reflect on them, including an understanding of the importance of gender in health and well-being.",Active,ESDLearningObjective
ESD_SDG03_COG_02,Cognitive,2,"The learner knows facts and figures about the most severe communicable and non-communicable diseases, and the most vulnerable groups and regions concerning illness, disease and premature death.",Active,ESDLearningObjective
ESD_SDG03_COG_03,Cognitive,3,The learner understands the socio-political-economic dimensions of health and well-being and knows about the effects of advertising and about strategies to promote health and well-being.,Active,ESDLearningObjective
ESD_SDG03_COG_04,Cognitive,4,"The learner understands the importance of mental health. The learner understands the negative impacts of behaviours like xenophobia, discrimination and bullying on mental health and emotional well-being and how addictions to alcohol, tobacco or other drugs cause harm to health and well-being.",Active,ESDLearningObjective
ESD_SDG03_COG_05,Cognitive,5,"The learner knows relevant prevention strategies to foster positive physical and mental health and well-being, including sexual and reproductive health and information as well as early warning and risk reduction.",Active,ESDLearningObjective
ESD_SDG03_SOC_01,Socio-emotional,1,"The learner is able to interact with people suffering from illnesses, and feel empathy for their situation and feelings.",Active,ESDLearningObjective
ESD_SDG03_SOC_02,Socio-emotional,2,"The learner is able to communicate about issues of health, including sexual and reproductive health, and well-being, especially to argue in favour of prevention strategies to promote health and well-being.",Active,ESDLearningObjective
ESD_SDG03_SOC_03,Socio-emotional,3,The learner is able to encourage others to decide and act in favour of promoting health and well-being for all.,Active,ESDLearningObjective
ESD_SDG03_SOC_04,Socio-emotional,4,"The learner is able to create a holistic understanding of a life of health and well-being, and to clarify related values, beliefs and attitudes.",Active,ESDLearningObjective
ESD_SDG03_SOC_05,Socio-emotional,5,"The learner is able to develop a personal commitment to promoting health and well-being for themselves, their family and others, including considering volunteer or professional work in health and social care.",Active,ESDLearningObjective
ESD_SDG03_BEH_01,Behavioural,1,The learner is able to include health promoting behaviours in their daily routines.,Active,ESDLearningObjective
ESD_SDG03_BEH_02,Behavioural,2,"The learner is able to plan, implement, evaluate and replicate strategies that promote health, including sexual and reproductive health, and well-being for themselves, their families and others.",Active,ESDLearningObjective
ESD_SDG03_BEH_03,Behavioural,3,The learner has the capacity to perceive when others need help and to seek help for themselves and others.,Active,ESDLearningObjective
ESD_SDG03_BEH_04,Behavioural,4,The learner is able to publicly demand and support the development of policies promoting health and well-being.,Active,ESDLearningObjective
ESD_SDG03_BEH_05,Behavioural,5,The learner is able to propose ways to address possible conflicts between the public interest in offering medicine at affordable prices and private interests within the pharmaceutical industry.,Active,ESDLearningObjective
ESD_SDG04_COG_01,Cognitive,1,"The learner understands the important role of education and lifelong learning opportunities for all (formal, non-formal and informal learning) as main drivers of sustainable development, for improving people’s lives and in achieving the SDGs.",Active,ESDLearningObjective
ESD_SDG04_COG_02,Cognitive,2,"The learner understands education as a public good, a global common good, a fundamental human right and a basis for guaranteeing the realization of other rights.",Active,ESDLearningObjective
ESD_SDG04_COG_03,Cognitive,3,"The learner knows about inequality in access to and attainment of education, particularly between girls and boys and in rural areas, and about reasons for a lack of equitable access to quality education and lifelong learning opportunities.",Active,ESDLearningObjective
ESD_SDG04_COG_04,Cognitive,4,The learner understands the important role of culture in achieving sustainability.,Active,ESDLearningObjective
ESD_SDG04_COG_05,Cognitive,5,"The learner understands that education can help create a more sustainable, equitable and peaceful world.",Active,ESDLearningObjective
ESD_SDG04_SOC_01,Socio-emotional,1,"The learner is able to raise awareness of the importance of quality education for all, a humanistic and holistic approach to education, ESD and related approaches.",Active,ESDLearningObjective
ESD_SDG04_SOC_02,Socio-emotional,2,The learner is able through participatory methods to motivate and empower others to demand and use educational opportunities.,Active,ESDLearningObjective
ESD_SDG04_SOC_03,Socio-emotional,3,The learner is able to recognize the intrinsic value of education and to analyse and identify their own learning needs in their personal development.,Active,ESDLearningObjective
ESD_SDG04_SOC_04,Socio-emotional,4,"The learner is able to recognize the importance of their own skills for improving their life, in particular for employment and entrepreneurship.",Active,ESDLearningObjective
ESD_SDG04_SOC_05,Socio-emotional,5,The learner is able to engage personally with ESD.,Active,ESDLearningObjective
ESD_SDG04_BEH_01,Behavioural,1,"The learner is able to contribute to facilitating and implementing quality education for all, ESD and related approaches at different levels.",Active,ESDLearningObjective
ESD_SDG04_BEH_02,Behavioural,2,The learner is able to promote gender equality in education.,Active,ESDLearningObjective
ESD_SDG04_BEH_03,Behavioural,3,"The learner is able to publicly demand and support the development of policies promoting free, equitable and quality education for all, ESD and related approaches as well as aiming at safe, accessible and inclusive educational facilities.",Active,ESDLearningObjective
ESD_SDG04_BEH_04,Behavioural,4,The learner is able to promote the empowerment of young people.,Active,ESDLearningObjective
ESD_SDG04_BEH_05,Behavioural,5,"The learner is able to use all opportunities for their own education throughout their life, and to apply the acquired knowledge in everyday situations to promote sustainable development.",Active,ESDLearningObjective
ESD_SDG05_COG_01,Cognitive,1,"The learner understands the concept of gender, gender equality and gender discrimination and knows about all forms of gender discrimination, violence and inequality (e.g. harmful practices such as female genital mutilation, honour killings and child marriage, unequal employment opportunities and pay, language construction, traditional gender roles, gendered impact of natural hazards) and understands the current and historical causes of gender inequality.",Active,ESDLearningObjective
ESD_SDG05_COG_02,Cognitive,2,"The learner understands the basic rights of women and girls, including their right to freedom from exploitation and violence and their reproductive rights.",Active,ESDLearningObjective
ESD_SDG05_COG_03,Cognitive,3,"The learner understands levels of gender equality within their own country and culture in comparison to global norms (while respecting cultural sensitivity), including the intersectionality of gender with other social categories such as ability, religion and race.",Active,ESDLearningObjective
ESD_SDG05_COG_04,Cognitive,4,"The learner knows the opportunities and benefits provided by full gender equality and participation in legislation and governance, including public budget allocation, the labour market and public and private decision-making.",Active,ESDLearningObjective
ESD_SDG05_COG_05,Cognitive,5,"The learner understands the role of education, enabling technology and legislation in empowering and ensuring the full participation of all genders.",Active,ESDLearningObjective
ESD_SDG05_SOC_01,Socio-emotional,1,"The learner is able to recognize and question traditional perception of gender roles in a critical approach, while respecting cultural sensitivity.",Active,ESDLearningObjective
ESD_SDG05_SOC_02,Socio-emotional,2,The learner is able to identify and speak up against all forms of gender discrimination and debate the benefits of full empowerment of all genders.,Active,ESDLearningObjective
ESD_SDG05_SOC_03,Socio-emotional,3,"The learner is able to connect with others who work to end gender discrimination and violence, empower those who may still be disempowered and promote respect and full equality on all levels.",Active,ESDLearningObjective
ESD_SDG05_SOC_04,Socio-emotional,4,The learner is able to reflect on their own gender identity and gender roles.,Active,ESDLearningObjective
ESD_SDG05_SOC_05,Socio-emotional,5,The learner is able to feel empathy and solidarity with those who differ from personal or community gender expectations and roles.,Active,ESDLearningObjective
ESD_SDG05_BEH_01,Behavioural,1,The learner is able to take the measure of their surroundings to empower themselves or others who are discriminated against because of their gender.,Active,ESDLearningObjective
ESD_SDG05_BEH_02,Behavioural,2,"The learner is able to evaluate, participate in and influence decision-making about gender equality and participation.",Active,ESDLearningObjective
ESD_SDG05_BEH_03,Behavioural,3,The learner is able to support others in developing empathy across genders and breaking down gender discrimination and violence.,Active,ESDLearningObjective
ESD_SDG05_BEH_04,Behavioural,4,The learner is able to observe and identify gender discrimination.,Active,ESDLearningObjective
ESD_SDG05_BEH_05,Behavioural,5,"The learner is able to plan, implement, support and evaluate strategies for gender equality.",Active,ESDLearningObjective
ESD_SDG06_COG_01,Cognitive,1,"The learner understands water as a fundamental condition of life itself, the importance of water quality and quantity, and the causes, effects and consequences of water pollution and water scarcity.",Active,ESDLearningObjective
ESD_SDG06_COG_02,Cognitive,2,The learner understands that water is part of many different complex global interrelationships and systems.,Active,ESDLearningObjective
ESD_SDG06_COG_03,Cognitive,3,The learner knows about the global unequal distribution of access to safe drinking water and sanitation facilities.,Active,ESDLearningObjective
ESD_SDG06_COG_04,Cognitive,4,The learner understands the concept of “virtual water”.,Active,ESDLearningObjective
ESD_SDG06_COG_05,Cognitive,5,"The learner understands the concept of Integrated Water Resources Management (IWRM) and other strategies for ensuring the availability and sustainable management of water and sanitation, including flood and drought risk management.",Active,ESDLearningObjective
ESD_SDG06_SOC_01,Socio-emotional,1,The learner is able to participate in activities of improving water and sanitation management in local communities.,Active,ESDLearningObjective
ESD_SDG06_SOC_02,Socio-emotional,2,"The learner is able to communicate about water pollution, water access and water saving measures and to create visibility about success stories.",Active,ESDLearningObjective
ESD_SDG06_SOC_03,Socio-emotional,3,The learner is able to feel responsible for their water use.,Active,ESDLearningObjective
ESD_SDG06_SOC_04,Socio-emotional,4,The learner is able to see the value in good sanitation and hygiene standards.,Active,ESDLearningObjective
ESD_SDG06_SOC_05,Socio-emotional,5,The learner is able to question socio-economic differences as well as gender disparities in the access to safe drinking water and sanitation facilities.,Active,ESDLearningObjective
ESD_SDG06_BEH_01,Behavioural,1,The learner is able to cooperate with local authorities in the improvement of local capacity for self-sufficiency.,Active,ESDLearningObjective
ESD_SDG06_BEH_02,Behavioural,2,The learner is able to contribute to water resources management at the local level.,Active,ESDLearningObjective
ESD_SDG06_BEH_03,Behavioural,3,The learner is able to reduce their individual water footprint and to save water practicing their daily habits.,Active,ESDLearningObjective
ESD_SDG06_BEH_04,Behavioural,4,"The learner is able to plan, implement, evaluate and replicate activities that contribute to increasing water quality and safety.",Active,ESDLearningObjective
ESD_SDG06_BEH_05,Behavioural,5,"The learner is able to evaluate, participate in and influence decision-making on management strategies of local, national and international enterprises related to water pollution.",Active,ESDLearningObjective
ESD_SDG07_COG_01,Cognitive,1,"The learner knows about different energy resources – renewable and non-renewable – and their respective advantages and disadvantages including environmental impacts, health issues, usage, safety and energy security, and their share in the energy mix at the local, national and global level.",Active,ESDLearningObjective
ESD_SDG07_COG_02,Cognitive,2,The learner knows what energy is primarily used for in different regions of the world.,Active,ESDLearningObjective
ESD_SDG07_COG_03,Cognitive,3,The learner understands the concept of energy efficiency and sufficiency and knows socio-technical strategies and policies to achieve efficiency and sufficiency.,Active,ESDLearningObjective
ESD_SDG07_COG_04,Cognitive,4,"The learner understands how policies can influence the development of energy production, supply, demand and usage.",Active,ESDLearningObjective
ESD_SDG07_COG_05,Cognitive,5,"The learner knows about harmful impacts of unsustainable energy production, understands how renewable energy technologies can help to drive sustainable development and understands the need for new and innovative technologies and especially technology transfer in collaborations between countries.",Active,ESDLearningObjective
ESD_SDG07_SOC_01,Socio-emotional,1,The learner is able to communicate the need for energy efficiency and sufficiency.,Active,ESDLearningObjective
ESD_SDG07_SOC_02,Socio-emotional,2,"The learner is able to assess and understand the need for affordable, reliable, sustainable and clean energy of other people/other countries or regions.",Active,ESDLearningObjective
ESD_SDG07_SOC_03,Socio-emotional,3,The learner is able to cooperate and collaborate with others to transfer and adapt energy technologies to different contexts and to share energy best practices of their communities.,Active,ESDLearningObjective
ESD_SDG07_SOC_04,Socio-emotional,4,The learner is able to clarify personal norms and values related to energy production and usage as well as to reflect and evaluate their own energy usage in terms of efficiency and sufficiency.,Active,ESDLearningObjective
ESD_SDG07_SOC_05,Socio-emotional,5,"The learner is able to develop a vision of a reliable, sustainable energy production, supply and usage in their country.",Active,ESDLearningObjective
ESD_SDG07_BEH_01,Behavioural,1,The learner is able to apply and evaluate measures in order to increase energy efficiency and sufficiency in their personal sphere and to increase the share of renewable energy in their local energy mix.,Active,ESDLearningObjective
ESD_SDG07_BEH_02,Behavioural,2,The learner is able to apply basic principles to determine the most appropriate renewable energy strategy in a given situation.,Active,ESDLearningObjective
ESD_SDG07_BEH_03,Behavioural,3,The learner is able to analyse the impact and long-term effects of big energy projects (e.g. constructing an off-shore wind park) and energy related policies on different stakeholder groups (including nature).,Active,ESDLearningObjective
ESD_SDG07_BEH_04,Behavioural,4,"The learner is able to influence public policies related to energy production, supply and usage.",Active,ESDLearningObjective
ESD_SDG07_BEH_05,Behavioural,5,"The learner is able to compare and assess different business models and their suitability for different energy solutions and to influence energy suppliers to produce safe, reliable and sustainable energy.",Active,ESDLearningObjective
ESD_SDG08_COG_01,Cognitive,1,"The learner understands the concepts of sustained, inclusive and sustainable economic growth, full and productive employment, and decent work, including the advancement of gender parity and equality, and knows about alternative economic models and indicators.",Active,ESDLearningObjective
ESD_SDG08_COG_02,Cognitive,2,"The learner has knowledge about the distribution of formal employment rates per sector, informal employment, and unemployment in different world regions or nations, and which social groups are especially affected by unemployment.",Active,ESDLearningObjective
ESD_SDG08_COG_03,Cognitive,3,"The learner understands the relation between employment and economic growth, and knows about other moderating factors like a growing labour force or new technologies that substitute jobs.",Active,ESDLearningObjective
ESD_SDG08_COG_04,Cognitive,4,"The learner understands how low and decreasing wages for the labour force and very high wages and profits of managers and owners or shareholders are leading to inequalities, poverty, civil unrest, etc.",Active,ESDLearningObjective
ESD_SDG08_COG_05,Cognitive,5,"The learner understands how innovation, entrepreneurship and new job creation can contribute to decent work and a sustainability-driven economy and to the decoupling of economic growth from the impacts of natural hazards and environmental degradation.",Active,ESDLearningObjective
ESD_SDG08_SOC_01,Socio-emotional,1,The learner is able to discuss economic models and future visions of economy and society critically and to communicate them in public spheres.,Active,ESDLearningObjective
ESD_SDG08_SOC_02,Socio-emotional,2,"The learner is able to collaborate with others to demand fair wages, equal pay for equal work and labour rights from politicians and from their employer.",Active,ESDLearningObjective
ESD_SDG08_SOC_03,Socio-emotional,3,The learner is able to understand how one’s own consumption affects working conditions of others in the global economy.,Active,ESDLearningObjective
ESD_SDG08_SOC_04,Socio-emotional,4,The learner is able to identify their individual rights and clarify their needs and values related to work.,Active,ESDLearningObjective
ESD_SDG08_SOC_05,Socio-emotional,5,The learner is able to develop a vision and plans for their own economic life based on an analysis of their competencies and contexts.,Active,ESDLearningObjective
ESD_SDG08_BEH_01,Behavioural,1,"The learner is able to engage with new visions and models of a sustainable, inclusive economy and decent work.",Active,ESDLearningObjective
ESD_SDG08_BEH_02,Behavioural,2,"The learner is able to facilitate improvements related to unfair wages, unequal pay for equal work and bad working conditions.",Active,ESDLearningObjective
ESD_SDG08_BEH_03,Behavioural,3,The learner is able to develop and evaluate ideas for sustainability-driven innovation and entrepreneurship.,Active,ESDLearningObjective
ESD_SDG08_BEH_04,Behavioural,4,The learner is able to plan and implement entrepreneurial projects.,Active,ESDLearningObjective
ESD_SDG08_BEH_05,Behavioural,5,The learner is able to develop criteria and make responsible consumption choices as a means to support fair working conditions and efforts to decouple production from the impact of natural hazards and environmental degradation.,Active,ESDLearningObjective
ESD_SDG09_COG_01,Cognitive,1,The learner understands the concepts of sustainable infrastructure and industrialization and society’s needs for a systemic approach to their development.,Active,ESDLearningObjective
ESD_SDG09_COG_02,Cognitive,2,"The learner understands the local, national and global challenges and conflicts in achieving sustainability in infrastructure and industrialization.",Active,ESDLearningObjective
ESD_SDG09_COG_03,Cognitive,3,"The learner can define the term resilience in the context of infrastructure and spatial planning, understanding key concepts such as modularity and diversity, and apply it to their local community and nationwide.",Active,ESDLearningObjective
ESD_SDG09_COG_04,Cognitive,4,"The learner knows the pitfalls of unsustainable industrialization and in contrast knows examples of resilient, inclusive, sustainable industrial development and the need for contingency planning.",Active,ESDLearningObjective
ESD_SDG09_COG_05,Cognitive,5,"The learner is aware of new opportunities and markets for sustainability innovation, resilient infrastructure and industrial development.",Active,ESDLearningObjective
ESD_SDG09_SOC_01,Socio-emotional,1,"The learner is able to argue for sustainable, resilient and inclusive infrastructure in their local area.",Active,ESDLearningObjective
ESD_SDG09_SOC_02,Socio-emotional,2,The learner is able to encourage their communities to shift their infrastructure and industrial development toward more resilient and sustainable forms.,Active,ESDLearningObjective
ESD_SDG09_SOC_03,Socio-emotional,3,The learner is able to find collaborators to develop sustainable and contextual industries that respond to our shifting challenges and also to reach new markets.,Active,ESDLearningObjective
ESD_SDG09_SOC_04,Socio-emotional,4,The learner is able to recognize and reflect on their own personal demands on the local infrastructure such as their carbon and water footprints and food miles.,Active,ESDLearningObjective
ESD_SDG09_SOC_05,Socio-emotional,5,"The learner is able to understand that with changing resource availability (e. g. peak oil, peak everything) and other external shocks and stresses (e. g. natural hazards, conflicts) their own perspective and demands on infrastructure may need to shift radically regarding availability of renewable energy for ICT, transport options, sanitation options, etc.",Active,ESDLearningObjective
ESD_SDG09_BEH_01,Behavioural,1,"The learner is able to identify opportunities in their own culture and nation for greener and more resilient approaches to infrastructure, understanding their overall benefits for societies, especially with regard to disaster risk reduction.",Active,ESDLearningObjective
ESD_SDG09_BEH_02,Behavioural,2,The learner is able to evaluate various forms of industrialization and compare their resilience.,Active,ESDLearningObjective
ESD_SDG09_BEH_03,Behavioural,3,The learner is able to innovate and develop sustainable enterprises to respond to their countries’ industrial needs.,Active,ESDLearningObjective
ESD_SDG09_BEH_04,Behavioural,4,The learner is able to access financial services such as loans or microfinance to support their own enterprises.,Active,ESDLearningObjective
ESD_SDG09_BEH_05,Behavioural,5,The learner is able to work with decision-makers to improve the uptake of sustainable infrastructure (including internet access).,Active,ESDLearningObjective
ESD_SDG10_COG_01,Cognitive,1,"The learner knows different dimensions of inequality, their interrelations and applicable statistics.",Active,ESDLearningObjective
ESD_SDG10_COG_02,Cognitive,2,The learner knows indicators that measure and describe inequalities and understands their relevance for decision-making.,Active,ESDLearningObjective
ESD_SDG10_COG_03,Cognitive,3,The learner understands that inequality is a major driver for societal problems and individual dissatisfaction.,Active,ESDLearningObjective
ESD_SDG10_COG_04,Cognitive,4,"The learner understands local, national and global processes that both promote and hinder equality (fiscal, wage, and social protection policies, corporate activities, etc. ).",Active,ESDLearningObjective
ESD_SDG10_COG_05,Cognitive,5,The learner understands ethical principles concerning equality and is aware of psychological processes that foster discriminative behaviour and decision making.,Active,ESDLearningObjective
ESD_SDG10_SOC_01,Socio-emotional,1,The learner is able to raise awareness about inequalities.,Active,ESDLearningObjective
ESD_SDG10_SOC_02,Socio-emotional,2,The learner is able to feel empathy for and to show solidarity with people who are discriminated against.,Active,ESDLearningObjective
ESD_SDG10_SOC_03,Socio-emotional,3,The learner is able to negotiate the rights of different groups based on shared values and ethical principles.,Active,ESDLearningObjective
ESD_SDG10_SOC_04,Socio-emotional,4,The learner becomes aware of inequalities in their surroundings as well as in the wider world and is able to recognize the problematic consequences.,Active,ESDLearningObjective
ESD_SDG10_SOC_05,Socio-emotional,5,The learner is able to maintain a vision of a just and equal world.,Active,ESDLearningObjective
ESD_SDG10_BEH_01,Behavioural,1,"The learner is able to evaluate inequalities in their local environment in terms of quality (different dimensions, qualitative impact on individuals) and quantity (indicators, quantitative impact on individuals).",Active,ESDLearningObjective
ESD_SDG10_BEH_02,Behavioural,2,"The learner is able to identify or develop an objective indicator to compare different groups, nations, etc. with respect to inequalities.",Active,ESDLearningObjective
ESD_SDG10_BEH_03,Behavioural,3,The learner is able to identify and analyse different types of causes and reasons for inequalities.,Active,ESDLearningObjective
ESD_SDG10_BEH_04,Behavioural,4,"The learner is able to plan, implement and evaluate strategies to reduce inequalities.",Active,ESDLearningObjective
ESD_SDG10_BEH_05,Behavioural,5,The learner is able to engage in the development of public policies and corporate activities that reduce inequalities.,Active,ESDLearningObjective
ESD_SDG11_COG_01,Cognitive,1,"The learner understands basic physical, social and psychological human needs and is able to identify how these needs are currently addressed in their own physical urban, peri-urban and rural settlements.",Active,ESDLearningObjective
ESD_SDG11_COG_02,Cognitive,2,"The learner is able to evaluate and compare the sustainability of their and other settlements’ systems in meeting their needs particularly in the areas of food, energy, transport, water, safety, waste treatment, inclusion and accessibility, education, integration of green spaces and disaster risk reduction.",Active,ESDLearningObjective
ESD_SDG11_COG_03,Cognitive,3,"The learner understands the historical reasons for settlement patterns and while respecting cultural heritage, understands the need to find compromises to develop improved sustainable systems.",Active,ESDLearningObjective
ESD_SDG11_COG_04,Cognitive,4,"The learner knows the basic principles of sustainable planning and building, and can identify opportunities for making their own area more sustainable and inclusive.",Active,ESDLearningObjective
ESD_SDG11_COG_05,Cognitive,5,The learner understands the role of local decision-makers and participatory governance and the importance of representing a sustainable voice in planning and policy for their area.,Active,ESDLearningObjective
ESD_SDG11_SOC_01,Socio-emotional,1,"The learner is able to use their voice, to identify and use entry points for the public in the local planning systems, to call for the investment in sustainable infrastructure, buildings and parks in their area and to debate the merits of long-term planning.",Active,ESDLearningObjective
ESD_SDG11_SOC_02,Socio-emotional,2,The learner is able to connect with and help community groups locally and online in developing a sustainable future vision of their community.,Active,ESDLearningObjective
ESD_SDG11_SOC_03,Socio-emotional,3,"The learner is able to reflect on their region in the development of their own identity, understanding the roles that the natural, social and technical environments have had in building their identity and culture.",Active,ESDLearningObjective
ESD_SDG11_SOC_04,Socio-emotional,4,"The learner is able to contextualize their needs within the needs of the greater surrounding ecosystems, both locally and globally, for more sustainable human settlements.",Active,ESDLearningObjective
ESD_SDG11_SOC_05,Socio-emotional,5,The learner is able to feel responsible for the environmental and social impacts of their own individual lifestyle.,Active,ESDLearningObjective
ESD_SDG11_BEH_01,Behavioural,1,"The learner is able to plan, implement and evaluate community-based sustainability projects.",Active,ESDLearningObjective
ESD_SDG11_BEH_02,Behavioural,2,The learner is able to participate in and influence decision processes about their community.,Active,ESDLearningObjective
ESD_SDG11_BEH_03,Behavioural,3,The learner is able to speak against/for and to organize their voice against/for decisions made for their community.,Active,ESDLearningObjective
ESD_SDG11_BEH_04,Behavioural,4,"The learner is able to co-create an inclusive, safe, resilient and sustainable community.",Active,ESDLearningObjective
ESD_SDG11_BEH_05,Behavioural,5,The learner is able to promote low carbon approaches at the local level.,Active,ESDLearningObjective
ESD_SDG12_COG_01,Cognitive,1,"The learner understands how individual lifestyle choices influence social, economic and environmental development.",Active,ESDLearningObjective
ESD_SDG12_COG_02,Cognitive,2,"The learner understands production and consumption patterns and value chains and the interrelatedness of production and consumption (supply and demand, toxics, CO2 emissions, waste generation, health, working conditions, poverty, etc. ).",Active,ESDLearningObjective
ESD_SDG12_COG_03,Cognitive,3,"The learner knows roles, rights and duties of different actors in production and consumption (media and advertising, enterprises, municipalities, legislation, consumers, etc. ).",Active,ESDLearningObjective
ESD_SDG12_COG_04,Cognitive,4,The learner knows about strategies and practices of sustainable production and consumption.,Active,ESDLearningObjective
ESD_SDG12_COG_05,Cognitive,5,The learner understands dilemmas/trade-offs related to and system changes necessary for achieving sustainable consumption and production.,Active,ESDLearningObjective
ESD_SDG12_SOC_01,Socio-emotional,1,The learner is able to communicate the need for sustainable practices in production and consumption.,Active,ESDLearningObjective
ESD_SDG12_SOC_02,Socio-emotional,2,The learner is able to encourage others to engage in sustainable practices in consumption and production.,Active,ESDLearningObjective
ESD_SDG12_SOC_03,Socio-emotional,3,"The learner is able to differentiate between needs and wants and to reflect on their own individual consumer behaviour in light of the needs of the natural world, other people, cultures and countries, and future generations.",Active,ESDLearningObjective
ESD_SDG12_SOC_04,Socio-emotional,4,The learner is able to envision sustainable lifestyles.,Active,ESDLearningObjective
ESD_SDG12_SOC_05,Socio-emotional,5,The learner is able to feel responsible for the environmental and social impacts of their own individual behaviour as a producer or consumer.,Active,ESDLearningObjective
ESD_SDG12_BEH_01,Behavioural,1,"The learner is able to plan, implement and evaluate consumption-related activities using existing sustainability criteria.",Active,ESDLearningObjective
ESD_SDG12_BEH_02,Behavioural,2,"The learner is able to evaluate, participate in and influence decision-making processes about acquisitions in the public sector.",Active,ESDLearningObjective
ESD_SDG12_BEH_03,Behavioural,3,The learner is able to promote sustainable production patterns.,Active,ESDLearningObjective
ESD_SDG12_BEH_04,Behavioural,4,The learner is able take on critically on their role as an active stakeholder in the market.,Active,ESDLearningObjective
ESD_SDG12_BEH_05,Behavioural,5,The learner is able to challenge cultural and societal orientations in consumption and production.,Active,ESDLearningObjective
ESD_SDG13_COG_01,Cognitive,1,The learner understands the greenhouse effect as a natural phenomenon caused by an insulating layer of greenhouse gases.,Active,ESDLearningObjective
ESD_SDG13_COG_02,Cognitive,2,The learner understands the current climate change as an anthropogenic phenomenon resulting from increased greenhouse gas emissions.,Active,ESDLearningObjective
ESD_SDG13_COG_03,Cognitive,3,"The learner knows which human activities – on a global, national, local and individual level – contribute most to climate change.",Active,ESDLearningObjective
ESD_SDG13_COG_04,Cognitive,4,"The learner knows about the main ecological, social, cultural and economic consequences of climate change locally, nationally and globally and understands how these can themselves become catalysing, reinforcing factors for climate change.",Active,ESDLearningObjective
ESD_SDG13_COG_05,Cognitive,5,"The learner knows about prevention, mitigation and adaptation strategies at different levels (global to individual) and for different contexts and their connections with disaster response and disaster risk reduction.",Active,ESDLearningObjective
ESD_SDG13_SOC_01,Socio-emotional,1,"The learner is able to explain ecosystem dynamics and the environmental, social, economic and ethical impact of climate change.",Active,ESDLearningObjective
ESD_SDG13_SOC_02,Socio-emotional,2,The learner is able to encourage others to protect the climate.,Active,ESDLearningObjective
ESD_SDG13_SOC_03,Socio-emotional,3,The learner is able to collaborate with others and to develop commonly agreed-upon strategies to deal with climate change.,Active,ESDLearningObjective
ESD_SDG13_SOC_04,Socio-emotional,4,"The learner is able to understand their personal impact on the world’s climate, from a local to a global perspective.",Active,ESDLearningObjective
ESD_SDG13_SOC_05,Socio-emotional,5,The learner is able to recognize that the protection of the global climate is an essential task for everyone and that we need to completely re-evaluate our worldview and everyday behaviours in light of this.,Active,ESDLearningObjective
ESD_SDG13_BEH_01,Behavioural,1,The learner is able to evaluate whether their private and job activities are climate friendly and – where not – to revise them.,Active,ESDLearningObjective
ESD_SDG13_BEH_02,Behavioural,2,The learner is able to act in favour of people threatened by climate change.,Active,ESDLearningObjective
ESD_SDG13_BEH_03,Behavioural,3,"The learner is able to anticipate, estimate and assess the impact of personal, local and national decisions or activities on other people and world regions.",Active,ESDLearningObjective
ESD_SDG13_BEH_04,Behavioural,4,The learner is able to promote climate-protecting public policies.,Active,ESDLearningObjective
ESD_SDG13_BEH_05,Behavioural,5,The learner is able to support climate-friendly economic activities.,Active,ESDLearningObjective
ESD_SDG14_COG_01,Cognitive,1,"The learner understands basic marine ecology, ecosystems, predator-prey relationships, etc.",Active,ESDLearningObjective
ESD_SDG14_COG_02,Cognitive,2,"The learner understands the connection of many people to the sea and the life it holds, including the sea’s role as a provider of food, jobs and exciting opportunities.",Active,ESDLearningObjective
ESD_SDG14_COG_03,Cognitive,3,The learner knows the basic premise of climate change and the role of the oceans in moderating our climate.,Active,ESDLearningObjective
ESD_SDG14_COG_04,Cognitive,4,The learner understands threats to ocean systems such as pollution and overfishing and recognizes and can explain the relative fragility of many ocean ecosystems including coral reefs and hypoxic dead zones.,Active,ESDLearningObjective
ESD_SDG14_COG_05,Cognitive,5,The learner knows about opportunities for the sustainable use of living marine resources.,Active,ESDLearningObjective
ESD_SDG14_SOC_01,Socio-emotional,1,The learner is able to argue for sustainable fishing practices.,Active,ESDLearningObjective
ESD_SDG14_SOC_02,Socio-emotional,2,"The learner is able to show people the impact humanity is having on the oceans (biomass loss, acidification, pollution, etc.) and the value of clean healthy oceans.",Active,ESDLearningObjective
ESD_SDG14_SOC_03,Socio-emotional,3,The learner is able to influence groups that engage in unsustainable production and consumption of ocean products.,Active,ESDLearningObjective
ESD_SDG14_SOC_04,Socio-emotional,4,The learner is able to reflect on their own dietary needs and question whether their dietary habits make sustainable use of limited resources of seafood.,Active,ESDLearningObjective
ESD_SDG14_SOC_05,Socio-emotional,5,The learner is able to empathize with people whose livelihoods are affected by changing fishing practices.,Active,ESDLearningObjective
ESD_SDG14_BEH_01,Behavioural,1,The learner is able to research their country’s dependence on the sea.,Active,ESDLearningObjective
ESD_SDG14_BEH_02,Behavioural,2,The learner is able to debate sustainable methods such as strict fishing quotas and moratoriums on species in danger of extinction.,Active,ESDLearningObjective
ESD_SDG14_BEH_03,Behavioural,3,"The learner is able to identify, access and buy sustainably harvested marine life, e.g. ecolabel certified products.",Active,ESDLearningObjective
ESD_SDG14_BEH_04,Behavioural,4,The learner is able to contact their representatives to discuss overfishing as a threat to local livelihoods.,Active,ESDLearningObjective
ESD_SDG14_BEH_05,Behavioural,5,The learner is able to campaign for expanding no-fish zones and marine reserves and for their protection on a scientific basis.,Active,ESDLearningObjective
ESD_SDG15_COG_01,Cognitive,1,"The learner understands basic ecology with reference to local and global ecosystems, identifying local species and understanding the measure of biodiversity.",Active,ESDLearningObjective
ESD_SDG15_COG_02,Cognitive,2,"The learner understands the manifold threats posed to biodiversity, including habitat loss, deforestation, fragmentation, overexploitation and invasive species, and can relate these threats to their local biodiversity.",Active,ESDLearningObjective
ESD_SDG15_COG_03,Cognitive,3,"The learner is able to classify the ecosystem services of the local ecosystems including supporting, provisioning, regulating and cultural services and ecosystems services for disaster risk reduction.",Active,ESDLearningObjective
ESD_SDG15_COG_04,Cognitive,4,"The learner understands the slow regeneration of soil and the multiple threats that are destroying and removing it much faster than it can replenish itself, such as poor farming or forestry practice.",Active,ESDLearningObjective
ESD_SDG15_COG_05,Cognitive,5,"The learner understands that realistic conservation strategies work outside pure nature reserves to also improve legislation, restore degraded habitats and soils, connect wildlife corridors, sustainable agriculture and forestry, and redress humanity’s relationship to wildlife.",Active,ESDLearningObjective
ESD_SDG15_SOC_01,Socio-emotional,1,The learner is able to argue against destructive environmental practices that cause biodiversity loss.,Active,ESDLearningObjective
ESD_SDG15_SOC_02,Socio-emotional,2,The learner is able to argue for the conservation of biodiversity on multiple grounds including ecosystems services and intrinsic value.,Active,ESDLearningObjective
ESD_SDG15_SOC_03,Socio-emotional,3,The learner is able to connect with their local natural areas and feel empathy with non-human life on Earth.,Active,ESDLearningObjective
ESD_SDG15_SOC_04,Socio-emotional,4,The learner is able to question the dualism of human/nature and realizes that we are a part of nature and not apart from nature.,Active,ESDLearningObjective
ESD_SDG15_SOC_05,Socio-emotional,5,The learner is able to create a vision of a life in harmony with nature.,Active,ESDLearningObjective
ESD_SDG15_BEH_01,Behavioural,1,The learner is able to connect with local groups working toward biodiversity conservation in their area.,Active,ESDLearningObjective
ESD_SDG15_BEH_02,Behavioural,2,"The learner is able to effectively use their voice effectively in decision-making processes to help urban and rural areas become more permeable to wildlife through the establishment of wildlife corridors, agro-environmental schemes, restoration ecology and more.",Active,ESDLearningObjective
ESD_SDG15_BEH_03,Behavioural,3,"The learner is able to work with policy-makers to improve legislation for biodiversity and nature conservation, and its implementation.",Active,ESDLearningObjective
ESD_SDG15_BEH_04,Behavioural,4,The learner is able to highlight the importance of soil as our growing material for all food and the importance of remediating or stopping the erosion of our soils.,Active,ESDLearningObjective
ESD_SDG15_BEH_05,Behavioural,5,The learner is able to campaign for international awareness of species exploitation and work for the implementation and development of CITES (Convention on International Trade in Endangered Species of Wild Fauna and Flora) regulations.,Active,ESDLearningObjective
ESD_SDG16_COG_01,Cognitive,1,"The learner understands concepts of justice, inclusion and peace and their relationship to law.",Active,ESDLearningObjective
ESD_SDG16_COG_02,Cognitive,2,"The learner understands their local and national legislative and governance systems, how they represent them and that they can be abused through corruption.",Active,ESDLearningObjective
ESD_SDG16_COG_03,Cognitive,3,The learner is able to compare their system of justice with those of other countries.,Active,ESDLearningObjective
ESD_SDG16_COG_04,Cognitive,4,"The learner understands the importance of individuals and groups in upholding justice, inclusion and peace and supporting strong institutions in their country and globally.",Active,ESDLearningObjective
ESD_SDG16_COG_05,Cognitive,5,The learner understands the importance of the international human rights framework.,Active,ESDLearningObjective
ESD_SDG16_SOC_01,Socio-emotional,1,"The learner is able to connect with others who can help them in facilitating peace, justice, inclusion and strong institutions in their country.",Active,ESDLearningObjective
ESD_SDG16_SOC_02,Socio-emotional,2,"The learner is able to debate local and global issues of peace, justice, inclusion and strong institutions.",Active,ESDLearningObjective
ESD_SDG16_SOC_03,Socio-emotional,3,The learner is able to show empathy with and solidarity for those suffering from injustice in their own country as well as in other countries.,Active,ESDLearningObjective
ESD_SDG16_SOC_04,Socio-emotional,4,"The learner is able to reflect on their role in issues of peace, justice, inclusion and strong institutions.",Active,ESDLearningObjective
ESD_SDG16_SOC_05,Socio-emotional,5,"The learner is able to reflect on their own personal belonging to diverse groups (gender, social, economic, political, ethnical, national, ability, sexual orientation etc.) their access to justice and their shared sense of humanity.",Active,ESDLearningObjective
ESD_SDG16_BEH_01,Behavioural,1,"The learner is able to critically assess issues of peace, justice, inclusion and strong institutions in their region, nationally and globally.",Active,ESDLearningObjective
ESD_SDG16_BEH_02,Behavioural,2,"The learner is able to publicly demand and support the development of policies promoting peace, justice, inclusion and strong institutions.",Active,ESDLearningObjective
ESD_SDG16_BEH_03,Behavioural,3,The learner is able to collaborate with groups that are currently experiencing injustice and/or conflicts.,Active,ESDLearningObjective
ESD_SDG16_BEH_04,Behavioural,4,"The learner is able to become an agent of change in local decision-making, speaking up against injustice.",Active,ESDLearningObjective
ESD_SDG16_BEH_05,Behavioural,5,The learner is able to contribute to conflict resolution at the local and national level.,Active,ESDLearningObjective
ESD_SDG17_COG_01,Cognitive,1,"The learner understands global issues, including issues of financing for development, taxation, debt and trade policies, and the interconnectedness and interdependency of different countries and populations.",Active,ESDLearningObjective
ESD_SDG17_COG_02,Cognitive,2,"The learner understands the importance of global multi-stakeholder partnerships and the shared accountability for sustainable development and knows examples of networks, institutions, campaigns of global partnerships.",Active,ESDLearningObjective
ESD_SDG17_COG_03,Cognitive,3,The learner knows the concepts of global governance and global citizenship.,Active,ESDLearningObjective
ESD_SDG17_COG_04,Cognitive,4,"The learner recognizes the importance of cooperation on and access to science, technology and innovation, and knowledge sharing.",Active,ESDLearningObjective
ESD_SDG17_COG_05,Cognitive,5,The learner knows concepts for measuring progress on sustainable development.,Active,ESDLearningObjective
ESD_SDG17_SOC_01,Socio-emotional,1,The learner is able to raise awareness about the importance of global partnerships for sustainable development.,Active,ESDLearningObjective
ESD_SDG17_SOC_02,Socio-emotional,2,The learner is able to work with others to promote global partnerships for sustainable development and demand governments’ accountability for the SDGs.,Active,ESDLearningObjective
ESD_SDG17_SOC_03,Socio-emotional,3,The learner is able to take ownership of the SDGs.,Active,ESDLearningObjective
ESD_SDG17_SOC_04,Socio-emotional,4,The learner is able to create a vision for a sustainable global society.,Active,ESDLearningObjective
ESD_SDG17_SOC_05,Socio-emotional,5,"The learner is able to experience a sense of belonging to a common humanity, sharing values and responsibilities, based on human rights.",Active,ESDLearningObjective
ESD_SDG17_BEH_01,Behavioural,1,"The learner is able to become a change agent to realize the SDGs and to take on their role as an active, critical and global and sustainability citizen.",Active,ESDLearningObjective
ESD_SDG17_BEH_02,Behavioural,2,"The learner is able to contribute to facilitating and implementing local, national and global partnerships for sustainable development.",Active,ESDLearningObjective
ESD_SDG17_BEH_03,Behavioural,3,The learner is able to publicly demand and support the development of policies promoting global partnerships for sustainable development.,Active,ESDLearningObjective
ESD_SDG17_BEH_04,Behavioural,4,The learner is able to support development cooperation activities.,Active,ESDLearningObjective
ESD_SDG17_BEH_05,Behavioural,5,The learner is able to influence companies to become part of global partnerships for sustainable development.,Active,ESDLearningObjective
